[{"model": "contenttypes.contenttype", "pk": 1, "fields": {"app_label": "admin", "model": "logentry"}}, {"model": "contenttypes.contenttype", "pk": 2, "fields": {"app_label": "auth", "model": "permission"}}, {"model": "contenttypes.contenttype", "pk": 3, "fields": {"app_label": "auth", "model": "group"}}, {"model": "contenttypes.contenttype", "pk": 4, "fields": {"app_label": "contenttypes", "model": "contenttype"}}, {"model": "contenttypes.contenttype", "pk": 5, "fields": {"app_label": "sessions", "model": "session"}}, {"model": "contenttypes.contenttype", "pk": 6, "fields": {"app_label": "users", "model": "userprofile"}}, {"model": "contenttypes.contenttype", "pk": 7, "fields": {"app_label": "users", "model": "emailverifyrecord"}}, {"model": "contenttypes.contenttype", "pk": 8, "fields": {"app_label": "users", "model": "banner"}}, {"model": "contenttypes.contenttype", "pk": 9, "fields": {"app_label": "courses", "model": "course"}}, {"model": "contenttypes.contenttype", "pk": 10, "fields": {"app_label": "courses", "model": "lesson"}}, {"model": "contenttypes.contenttype", "pk": 11, "fields": {"app_label": "courses", "model": "video"}}, {"model": "contenttypes.contenttype", "pk": 12, "fields": {"app_label": "courses", "model": "courseresource"}}, {"model": "contenttypes.contenttype", "pk": 13, "fields": {"app_label": "courses", "model": "bannercourse"}}, {"model": "contenttypes.contenttype", "pk": 14, "fields": {"app_label": "organization", "model": "citydict"}}, {"model": "contenttypes.contenttype", "pk": 15, "fields": {"app_label": "organization", "model": "courseorg"}}, {"model": "contenttypes.contenttype", "pk": 16, "fields": {"app_label": "organization", "model": "teacher"}}, {"model": "contenttypes.contenttype", "pk": 17, "fields": {"app_label": "operation", "model": "userask"}}, {"model": "contenttypes.contenttype", "pk": 18, "fields": {"app_label": "operation", "model": "coursecomments"}}, {"model": "contenttypes.contenttype", "pk": 19, "fields": {"app_label": "operation", "model": "userfavorite"}}, {"model": "contenttypes.contenttype", "pk": 20, "fields": {"app_label": "operation", "model": "usermessage"}}, {"model": "contenttypes.contenttype", "pk": 21, "fields": {"app_label": "operation", "model": "usercourse"}}, {"model": "contenttypes.contenttype", "pk": 22, "fields": {"app_label": "xadmin", "model": "bookmark"}}, {"model": "contenttypes.contenttype", "pk": 23, "fields": {"app_label": "xadmin", "model": "usersettings"}}, {"model": "contenttypes.contenttype", "pk": 24, "fields": {"app_label": "xadmin", "model": "userwidget"}}, {"model": "contenttypes.contenttype", "pk": 25, "fields": {"app_label": "xadmin", "model": "log"}}, {"model": "contenttypes.contenttype", "pk": 26, "fields": {"app_label": "captcha", "model": "captchastore"}}, {"model": "sessions.session", "pk": "cyn91ugkeevio1l0bjzrxmyqrka6jsh1", "fields": {"session_data": "NWY3ZjI2NzJiZTc0NjQ2ZmRiZjM2OTUzMjIwMjM2NTk0NzA1NTlmYjp7Il9hdXRoX3VzZXJfYmFja2VuZCI6InVzZXJzLnZpZXdzLkN1c3RvbUJhY2tlbmQiLCJMSVNUX1FVRVJZIjpbWyJvcGVyYXRpb24iLCJ1c2VyY291cnNlIl0sIiJdLCJfYXV0aF91c2VyX2hhc2giOiJmNjQ5ZTgzZTI0MWY1NzIxN2E4OTQ1MDJiYjFlZWQ3Yjk4YWNkZTM1IiwiX2F1dGhfdXNlcl9pZCI6IjEiLCJ3aXphcmRfeGFkbWludXNlcndpZGdldF9hZG1pbl93aXphcmRfZm9ybV9wbHVnaW4iOnsic3RlcF9maWxlcyI6e30sInN0ZXAiOiJXaWRnZXQgVHlwZSIsImV4dHJhX2RhdGEiOnt9LCJzdGVwX2RhdGEiOnt9fX0=", "expire_date": "2018-06-09T16:12:28.070"}}, {"model": "sessions.session", "pk": "unb2ee8fjtoace306e0e7cprvaym71dn", "fields": {"session_data": "MDMxYmVjYmZiMzEyNDI1ZTAzMzg1YjY5ODNhN2U0ZTRhOGQ0ZDM1Nzp7Il9hdXRoX3VzZXJfaGFzaCI6ImJkNTAxZDdiYzZiNGY5NTQ3NTI4MjYyMTA0MGI4OTc1NDY5NTc4ZjciLCJfYXV0aF91c2VyX2JhY2tlbmQiOiJ1c2Vycy52aWV3cy5DdXN0b21CYWNrZW5kIiwiX2F1dGhfdXNlcl9pZCI6IjQifQ==", "expire_date": "2018-06-22T12:07:33.500"}}, {"model": "sessions.session", "pk": "xbfwwgnwzt26q2pngllo44mkfyv1wj8x", "fields": {"session_data": "MDMxYmVjYmZiMzEyNDI1ZTAzMzg1YjY5ODNhN2U0ZTRhOGQ0ZDM1Nzp7Il9hdXRoX3VzZXJfaGFzaCI6ImJkNTAxZDdiYzZiNGY5NTQ3NTI4MjYyMTA0MGI4OTc1NDY5NTc4ZjciLCJfYXV0aF91c2VyX2JhY2tlbmQiOiJ1c2Vycy52aWV3cy5DdXN0b21CYWNrZW5kIiwiX2F1dGhfdXNlcl9pZCI6IjQifQ==", "expire_date": "2018-06-22T02:29:14.857"}}, {"model": "sessions.session", "pk": "z27hxrvlyobuu4rwico5kjc0204o6i13", "fields": {"session_data": "MDMxYmVjYmZiMzEyNDI1ZTAzMzg1YjY5ODNhN2U0ZTRhOGQ0ZDM1Nzp7Il9hdXRoX3VzZXJfaGFzaCI6ImJkNTAxZDdiYzZiNGY5NTQ3NTI4MjYyMTA0MGI4OTc1NDY5NTc4ZjciLCJfYXV0aF91c2VyX2JhY2tlbmQiOiJ1c2Vycy52aWV3cy5DdXN0b21CYWNrZW5kIiwiX2F1dGhfdXNlcl9pZCI6IjQifQ==", "expire_date": "2018-06-19T06:12:43.236"}}, {"model": "sessions.session", "pk": "zxk16dar649p3qinnbg4okezho9r3qyn", "fields": {"session_data": "OTQwYjMyMmE4ZWVlZWIwMmFmYTU4MWEzMzM3ZjM3YjE5ZTRkN2FiODp7Il9hdXRoX3VzZXJfYmFja2VuZCI6InVzZXJzLnZpZXdzLkN1c3RvbUJhY2tlbmQiLCJMSVNUX1FVRVJZIjpbWyJjb3Vyc2VzIiwiY291cnNlcmVzb3VyY2UiXSwiIl0sIl9hdXRoX3VzZXJfaGFzaCI6ImY2NDllODNlMjQxZjU3MjE3YTg5NDUwMmJiMWVlZDdiOThhY2RlMzUiLCJfYXV0aF91c2VyX2lkIjoiMSIsIndpemFyZF94YWRtaW51c2Vyd2lkZ2V0X2FkbWluX3dpemFyZF9mb3JtX3BsdWdpbiI6eyJzdGVwX2ZpbGVzIjp7fSwic3RlcCI6IldpZGdldCBUeXBlIiwiZXh0cmFfZGF0YSI6e30sInN0ZXBfZGF0YSI6e319fQ==", "expire_date": "2018-06-23T10:53:29.033"}}, {"model": "users.emailverifyrecord", "pk": 1, "fields": {"code": "dtnHtQulygPr91kF", "email": "manoj@chotamango.com", "send_type": "register", "send_time": "2018-06-02T14:09:24.913"}}, {"model": "users.emailverifyrecord", "pk": 2, "fields": {"code": "1MrMfEPd3kRaRDVS", "email": "manojsinha75@yahoo.com", "send_type": "register", "send_time": "2018-06-02T15:11:00.075"}}, {"model": "users.emailverifyrecord", "pk": 3, "fields": {"code": "hGtdT9rU8Ymc2XWX", "email": "manojsinha75@gmail.com", "send_type": "register", "send_time": "2018-06-02T15:28:40.455"}}, {"model": "courses.course", "pk": 1, "fields": {"course_org": 2, "name": "DataStructure", "teacher": 1, "desc": "Nice Computer", "category": "back end", "detail": "<p>Its great</p>", "is_banner": true, "degree": "zj", "learn_times": 30, "students": 31, "fav_nums": 1, "image": "courses/2018/06/DS-1.jpg", "click_num": 18, "add_time": "2018-05-26T13:48:28", "tags": "Computer science", "you_need_know": "BE", "teacher_notice": "2 weeks"}}, {"model": "courses.course", "pk": 2, "fields": {"course_org": 1, "name": "Operating System", "teacher": 2, "desc": "Operating system", "category": "back end", "detail": "<p>Great learning<br/></p><p style=\"margin-top: 0px; margin-bottom: 0px; padding: 12px 0px 0px; border: 0px; font-variant-numeric: inherit; font-variant-east-asian: inherit; font-stretch: inherit; line-height: inherit; font-family: -apple-system, system-ui, &quot;Segoe UI&quot;, Roboto, &quot;Helvetica Neue&quot;, Helvetica, Arial, sans-serif; vertical-align: baseline; color: rgb(60, 60, 60); white-space: normal; background-color: rgb(255, 255, 255);\">Bootstrap grid system provides the quick and easy way to create responsive website layouts. As opposed to the previous Bootstrap 2.x grid system which is fixed by default, the new version, i.e. Bootstrap 3 introduces the responsive mobile first fluid grid system that appropriately scales up to 12 columns as the device or viewport size increases.</p><p class=\"space\" style=\"margin-top: 0px; padding: 12px 0px 0px; border: 0px; font-variant-numeric: inherit; font-variant-east-asian: inherit; font-stretch: inherit; line-height: inherit; font-family: -apple-system, system-ui, &quot;Segoe UI&quot;, Roboto, &quot;Helvetica Neue&quot;, Helvetica, Arial, sans-serif; vertical-align: baseline; color: rgb(60, 60, 60); white-space: normal; background-color: rgb(255, 255, 255); margin-bottom: 25px !important;\">Bootstrap 3 includes predefined grid classes for quickly making grid layouts for different types of devices like cell phones, tablets, laptops and desktops, etc. For example, you can use the&nbsp;<code style=\"margin: 0px; padding: 2px 4px; border: 0px; font-style: inherit; font-variant: inherit; font-weight: inherit; font-stretch: inherit; font-size: 13px; line-height: inherit; font-family: MenschRegular, consolas, courier, monospace; vertical-align: baseline; color: rgb(216, 27, 96); background-color: rgb(249, 242, 244); border-radius: 4px;\">.col-xs-*</code>&nbsp;class to create grid columns for extra small devices like cell phones, similarly the&nbsp;<code style=\"margin: 0px; padding: 2px 4px; border: 0px; font-style: inherit; font-variant: inherit; font-weight: inherit; font-stretch: inherit; font-size: 13px; line-height: inherit; font-family: MenschRegular, consolas, courier, monospace; vertical-align: baseline; color: rgb(216, 27, 96); background-color: rgb(249, 242, 244); border-radius: 4px;\">.col-sm-*</code>&nbsp;class for small screen devices like tablets, the&nbsp;<code style=\"margin: 0px; padding: 2px 4px; border: 0px; font-style: inherit; font-variant: inherit; font-weight: inherit; font-stretch: inherit; font-size: 13px; line-height: inherit; font-family: MenschRegular, consolas, courier, monospace; vertical-align: baseline; color: rgb(216, 27, 96); background-color: rgb(249, 242, 244); border-radius: 4px;\">.col-md-*</code>&nbsp;class for medium size devices like desktops and the&nbsp;<code style=\"margin: 0px; padding: 2px 4px; border: 0px; font-style: inherit; font-variant: inherit; font-weight: inherit; font-stretch: inherit; font-size: 13px; line-height: inherit; font-family: MenschRegular, consolas, courier, monospace; vertical-align: baseline; color: rgb(216, 27, 96); background-color: rgb(249, 242, 244); border-radius: 4px;\">.col-lg-*</code>&nbsp;for large desktop screens. The following table summarizes some of the key features of the new grid system</p><p><br/></p>", "is_banner": true, "degree": "cj", "learn_times": 200, "students": 11, "fav_nums": 1, "image": "courses/2018/06/author.jpg", "click_num": 13, "add_time": "2018-06-02T08:48:48", "tags": "Operating System", "you_need_know": "Btech", "teacher_notice": "Be Serious"}}, {"model": "courses.course", "pk": 3, "fields": {"course_org": 2, "name": "Networking", "teacher": 3, "desc": "Networkig", "category": "back end", "detail": "<p style=\"margin-top: 0px; margin-bottom: 0px; padding: 12px 0px 0px; border: 0px; font-variant-numeric: inherit; font-variant-east-asian: inherit; font-stretch: inherit; line-height: inherit; font-family: -apple-system, system-ui, &quot;Segoe UI&quot;, Roboto, &quot;Helvetica Neue&quot;, Helvetica, Arial, sans-serif; vertical-align: baseline; color: rgb(60, 60, 60); white-space: normal; background-color: rgb(255, 255, 255);\">Bootstrap grid system provides the quick and easy way to create responsive website layouts. As opposed to the previous Bootstrap 2.x grid system which is fixed by default, the new version, i.e. Bootstrap 3 introduces the responsive mobile first fluid grid system that appropriately scales up to 12 columns as the device or viewport size increases.</p><p class=\"space\" style=\"margin-top: 0px; padding: 12px 0px 0px; border: 0px; font-variant-numeric: inherit; font-variant-east-asian: inherit; font-stretch: inherit; line-height: inherit; font-family: -apple-system, system-ui, &quot;Segoe UI&quot;, Roboto, &quot;Helvetica Neue&quot;, Helvetica, Arial, sans-serif; vertical-align: baseline; color: rgb(60, 60, 60); white-space: normal; background-color: rgb(255, 255, 255); margin-bottom: 25px !important;\">Bootstrap 3 includes predefined grid classes for quickly making grid layouts for different types of devices like cell phones, tablets, laptops and desktops, etc. For example, you can use the&nbsp;<code style=\"margin: 0px; padding: 2px 4px; border: 0px; font-style: inherit; font-variant: inherit; font-weight: inherit; font-stretch: inherit; font-size: 13px; line-height: inherit; font-family: MenschRegular, consolas, courier, monospace; vertical-align: baseline; color: rgb(216, 27, 96); background-color: rgb(249, 242, 244); border-radius: 4px;\">.col-xs-*</code>&nbsp;class to create grid columns for extra small devices like cell phones, similarly the&nbsp;<code style=\"margin: 0px; padding: 2px 4px; border: 0px; font-style: inherit; font-variant: inherit; font-weight: inherit; font-stretch: inherit; font-size: 13px; line-height: inherit; font-family: MenschRegular, consolas, courier, monospace; vertical-align: baseline; color: rgb(216, 27, 96); background-color: rgb(249, 242, 244); border-radius: 4px;\">.col-sm-*</code>&nbsp;class for small screen devices like tablets, the&nbsp;<code style=\"margin: 0px; padding: 2px 4px; border: 0px; font-style: inherit; font-variant: inherit; font-weight: inherit; font-stretch: inherit; font-size: 13px; line-height: inherit; font-family: MenschRegular, consolas, courier, monospace; vertical-align: baseline; color: rgb(216, 27, 96); background-color: rgb(249, 242, 244); border-radius: 4px;\">.col-md-*</code>&nbsp;class for medium size devices like desktops and the&nbsp;<code style=\"margin: 0px; padding: 2px 4px; border: 0px; font-style: inherit; font-variant: inherit; font-weight: inherit; font-stretch: inherit; font-size: 13px; line-height: inherit; font-family: MenschRegular, consolas, courier, monospace; vertical-align: baseline; color: rgb(216, 27, 96); background-color: rgb(249, 242, 244); border-radius: 4px;\">.col-lg-*</code>&nbsp;for large desktop screens. The following table summarizes some of the key features of the new grid system</p><p><br/> </p>", "is_banner": false, "degree": "gj", "learn_times": 100, "students": 6, "fav_nums": 0, "image": "courses/2018/06/course-2.jpg", "click_num": 18, "add_time": "2018-06-02T08:52:57", "tags": "Happy learning", "you_need_know": "BE", "teacher_notice": "Be Serious"}}, {"model": "courses.course", "pk": 4, "fields": {"course_org": 3, "name": "Machine Learning", "teacher": 2, "desc": "Machine learning is a subfield of artificial intelligence (AI). The goal of machine learning generally is to understand the structure of data and fit that data into models that can be understood and utilized by people.", "category": "Computer Science", "detail": "<p style=\"box-sizing: border-box; margin: 0px auto 22px; padding: 0px; width: 745px; font-family: proxima-nova, sans-serif; white-space: normal; background-color: rgb(255, 255, 255);\">Machine learning is a subfield of artificial intelligence (AI). The goal of machine learning generally is to understand the structure of data and fit that data into models that can be understood and utilized by people.</p><p style=\"box-sizing: border-box; margin: 0px auto 22px; padding: 0px; width: 745px; font-family: proxima-nova, sans-serif; white-space: normal; background-color: rgb(255, 255, 255);\">Although machine learning is a field within computer science, it differs from traditional computational approaches. In traditional computing, algorithms are sets of explicitly programmed instructions used by computers to calculate or problem solve. Machine learning algorithms instead allow for computers to train on data inputs and use statistical analysis in order to output values that fall within a specific range. Because of this, machine learning facilitates computers in building models from sample data in order to automate decision-making processes based on data inputs.</p><p><br/></p>", "is_banner": false, "degree": "gj", "learn_times": 300, "students": 12, "fav_nums": 3, "image": "courses/2018/06/img-small4.jpg", "click_num": 45, "add_time": "2018-06-04T11:00:00", "tags": "Computer science", "you_need_know": "Engineering", "teacher_notice": "Basic Computer Science Knowledge"}}, {"model": "courses.course", "pk": 5, "fields": {"course_org": 3, "name": "Artificial intelligence", "teacher": 2, "desc": "In machine learning, tasks are generally classified into broad categories", "category": "Computer Science", "detail": "<p>&nbsp; &nbsp; In supervised learning, the computer is provided with example inputs that are labeled with their desired outputs. The purpose of this method is for the algorithm to be able to \u201clearn\u201d by comparing its actual output with the \u201ctaught\u201d outputs to find errors, and modify the model accordingly. Supervised learning therefore uses patterns to predict label values on additional unlabeled data.</p>", "is_banner": false, "degree": "gj", "learn_times": 300, "students": 10, "fav_nums": 0, "image": "courses/2018/06/img-large3.jpg", "click_num": 12, "add_time": "2018-06-04T12:00:00", "tags": "Computer science", "you_need_know": "Master", "teacher_notice": "High Computer Science Knowledge"}}, {"model": "courses.course", "pk": 6, "fields": {"course_org": 3, "name": "Design and Analysis of Algorithms", "teacher": 3, "desc": "Worst and average case analysis. Recurrences and asymptotics", "category": "back end", "detail": "<p><span style=\"color: rgb(0, 0, 0); font-family: &quot;Trebuchet MS&quot;, Tahoma, Arial, sans-serif; font-size: 12px; font-style: normal; font-variant-ligatures: normal; font-variant-caps: normal; font-weight: 400; letter-spacing: normal; orphans: 2; text-align: start; text-indent: 0px; text-transform: none; white-space: normal; widows: 2; word-spacing: 0px; -webkit-text-stroke-width: 0px; background-color: rgb(251, 251, 249); text-decoration-style: initial; text-decoration-color: initial; display: inline !important; float: none;\">Worst and average case analysis. Recurrences and asymptotics. Efficient algorithms for sorting, searching, and selection. Data structures: binary search trees, heaps, hash tables. Algorithm design techniques: divide-and-conquer, dynamic programming, greedy algorithms, amortized analysis, randomization. Algorithms for fundamental graph problems: minimum-cost spanning tree, connected components, topological sort, and shortest paths. Possible additional topics: network flow, string searching</span></p><div id=\"selenium-highlight\"></div>", "is_banner": true, "degree": "cj", "learn_times": 180, "students": 9, "fav_nums": 1, "image": "courses/2018/06/algorithm-1.jpg", "click_num": 8, "add_time": "2018-06-11T11:00:00", "tags": "Algorithms, Analyzing algorithms", "you_need_know": "BE", "teacher_notice": "2 weeks"}}, {"model": "courses.course", "pk": 7, "fields": {"course_org": 3, "name": "Design and Analysis of Algorithms-Sampath Kannan", "teacher": 3, "desc": "Worst and average case analysis. Recurrences and asymptotics", "category": "back end", "detail": "<p>Algorithms, Analyzing algorithms, Complexity of algorithms, Growth\r\nof functions, Performance measurements, Sorting and order Statistics - Shell sort,\r\nQuick sort, Merge sort, Heap sort, Comparison of sorting algorithms, Sorting in linear\r\ntime.<br/></p><div id=\"selenium-highlight\"></div>", "is_banner": true, "degree": "cj", "learn_times": 180, "students": 9, "fav_nums": 1, "image": "courses/2018/06/algorithm-2.jpg", "click_num": 8, "add_time": "2018-06-11T11:00:00", "tags": "Algorithms, Analyzing algorithms", "you_need_know": "BE", "teacher_notice": "2"}}, {"model": "courses.course", "pk": 8, "fields": {"course_org": 4, "name": "Database Design", "teacher": 4, "desc": "In machine learning, tasks are generally classified into broad categories", "category": "back end", "detail": "Great", "is_banner": true, "degree": "zj", "learn_times": 200, "students": 11, "fav_nums": 1, "image": "courses/2018/06/img-72.jpg", "click_num": 3, "add_time": "2018-06-09T10:50:20", "tags": "Algorithms, Analyzing algorithms", "you_need_know": "BE", "teacher_notice": "2 weeks"}}, {"model": "courses.lesson", "pk": 1, "fields": {"course": 1, "name": "Quick Search", "add_time": "2018-06-04T10:30:00"}}, {"model": "courses.lesson", "pk": 2, "fields": {"course": 4, "name": "An Introduction to Machine Learning", "add_time": "2018-06-11T10:30:00"}}, {"model": "courses.lesson", "pk": 3, "fields": {"course": 6, "name": "Complexity of algorithms", "add_time": "2018-06-11T11:00:00"}}, {"model": "courses.lesson", "pk": 4, "fields": {"course": 6, "name": "Quick sort", "add_time": "2018-06-12T10:30:00"}}, {"model": "courses.lesson", "pk": 5, "fields": {"course": 8, "name": "Table Normalization", "add_time": "2018-06-11T09:00:00"}}, {"model": "courses.video", "pk": 1, "fields": {"lesson": 1, "name": "Python Learning", "add_time": "2018-06-02T08:17:00", "url": "/Users/usinhma/Documents/Personal/Deloitte/Manoj/Snaps/Samsung/20150227_143009.mp4", "learn_times": 20}}, {"model": "courses.video", "pk": 2, "fields": {"lesson": 2, "name": "Machine Learning", "add_time": "2018-06-11T11:00:00", "url": "/media/org/2018/06/Clip-2.mp4", "learn_times": 5}}, {"model": "courses.video", "pk": 3, "fields": {"lesson": 3, "name": "Design and Analysis of Algorithms", "add_time": "2018-06-11T12:00:00", "url": "/media/org/2018/06/Clip-2.mp4", "learn_times": 60}}, {"model": "courses.courseresource", "pk": 1, "fields": {"course": 4, "name": "Introduction of Machine Learning", "download": "course/resource/2018/06/An_Introduction_to_Machine_Learning___DigitalOcean.pdf", "add_time": "2018-06-11T14:00:00"}}, {"model": "courses.courseresource", "pk": 2, "fields": {"course": 8, "name": "Design and Analysis of Algorithms", "download": "course/resource/2018/06/An_Introduction_to_Machine_Learning___DigitalOcean_ig1FGsJ.pdf", "add_time": "2018-06-09T10:53:04"}}, {"model": "organization.citydict", "pk": 1, "fields": {"name": "San Francisco", "desc": "Bay Area", "add_time": "2018-05-26T16:07:52"}}, {"model": "organization.citydict", "pk": 2, "fields": {"name": "Detroit", "desc": "Motor city", "add_time": "2018-06-02T12:41:41"}}, {"model": "organization.citydict", "pk": 3, "fields": {"name": "Mountain View", "desc": "Silicon Valley", "add_time": "2018-06-04T10:00:00"}}, {"model": "organization.citydict", "pk": 4, "fields": {"name": "Boston", "desc": "Boston", "add_time": "2018-06-09T10:45:01"}}, {"model": "organization.courseorg", "pk": 1, "fields": {"name": "NCS PEARSON INC AN INDIRECT WHOLLY", "desc": "Education", "click_nums": 12, "tag": "NCS PEARSO", "fav_nums": 13, "image": "org/2018/06/blog.jpg", "address": "San Jose", "city": 2, "add_time": "2018-06-04T12:42:04", "category": "eftc", "students": 40, "courses": 60}}, {"model": "organization.courseorg", "pk": 2, "fields": {"name": "Infyni", "desc": "Cool", "click_nums": 40, "tag": "Start", "fav_nums": 10, "image": "org/2018/06/author2.jpg", "address": "Troy", "city": 2, "add_time": "2018-06-04T14:02:14", "category": "eftc", "students": 34, "courses": 2}}, {"model": "organization.courseorg", "pk": 3, "fields": {"name": "Stanford University", "desc": "Stanford University is a private research university in Stanford, California. Stanford is known for its academic strength, wealth, proximity to Silicon Valley, and ranking as a top-ten university in the world", "click_nums": 100, "tag": "Computer", "fav_nums": 11, "image": "org/2018/06/events-slider3.jpg", "address": "450 Serra Mall, Stanford, CA 94305", "city": 3, "add_time": "2018-06-04T10:00:00", "category": "u", "students": 2000, "courses": 4}}, {"model": "organization.courseorg", "pk": 4, "fields": {"name": "Oracle", "desc": "DB Leader", "click_nums": 12, "tag": "Start", "fav_nums": 11, "image": "org/2018/06/img-small2.jpg", "address": "1000 Beethoven Cmn", "city": 4, "add_time": "2018-06-09T10:47:36", "category": "eftc", "students": 2000, "courses": 20}}, {"model": "organization.teacher", "pk": 1, "fields": {"org": 2, "name": "Manoj Sinha", "work_years": 12, "work_company": "Infyni", "work_position": "Instructor", "points": "Cool Teaching", "click_nums": 17, "fav_nums": 11, "add_time": "2018-06-02T14:06:09", "image": "teacher/2018/06/course-3.jpg"}}, {"model": "organization.teacher", "pk": 2, "fields": {"org": 3, "name": "Nicole Ardoin", "work_years": 8, "work_company": "Facebook", "work_position": "Associate Professor", "points": "Nicole Ardoin is an associate professor", "click_nums": 203, "fav_nums": 11, "add_time": "2018-06-04T11:00:00", "image": "teacher/2018/06/notice.jpg"}}, {"model": "organization.teacher", "pk": 3, "fields": {"org": 3, "name": "David Eng", "work_years": 11, "work_company": "Stanford University", "work_position": "Instructor In Computer Science Department", "points": "Great Faculty", "click_nums": 12, "fav_nums": 11, "add_time": "2018-06-11T10:00:00", "image": "teacher/2018/06/img-small2.jpg"}}, {"model": "organization.teacher", "pk": 4, "fields": {"org": 4, "name": "Nick N", "work_years": 11, "work_company": "Facebook", "work_position": "Product Head", "points": "Great Faculty", "click_nums": 10, "fav_nums": 12, "add_time": "2018-06-09T10:48:49", "image": "teacher/2018/06/img-72.jpg"}}, {"model": "operation.userask", "pk": 1, "fields": {"name": "Manoj Sinha", "mobile": "9431668627", "course_name": "Machine Learning", "add_time": "2018-06-03T09:57:52.650"}}, {"model": "operation.usermessage", "pk": 1, "fields": {"user": 2, "message": "Welcome to Geek online education! Start learning today!", "add_time": "2018-06-02T14:09:24.912", "has_read": false}}, {"model": "operation.usermessage", "pk": 2, "fields": {"user": 3, "message": "Welcome to Geek online education! Start learning today!", "add_time": "2018-06-02T15:11:00.074", "has_read": true}}, {"model": "operation.usermessage", "pk": 3, "fields": {"user": 4, "message": "Welcome to Geek online education! Start learning today!", "add_time": "2018-06-02T15:28:40.454", "has_read": true}}, {"model": "captcha.captchastore", "pk": 9, "fields": {"challenge": "LRKF", "response": "lrkf", "hashkey": "9387e152a4b6e52c223e2c18626511454c44de0c", "expiration": "2018-06-02T15:32:22.110"}}, {"model": "captcha.captchastore", "pk": 10, "fields": {"challenge": "ITVH", "response": "itvh", "hashkey": "4db9dca7a13548bbdfb410890b53e7f1e0626d11", "expiration": "2018-06-02T15:33:05.170"}}, {"model": "captcha.captchastore", "pk": 12, "fields": {"challenge": "OGTB", "response": "ogtb", "hashkey": "2935b56f2149d1f17bd1c5581e9eea2fa3fe737b", "expiration": "2018-06-02T16:03:04.442"}}, {"model": "captcha.captchastore", "pk": 13, "fields": {"challenge": "SIDT", "response": "sidt", "hashkey": "2c1f208a17d0e98d1b0d3a739a7aa8c26e67daf2", "expiration": "2018-06-03T15:45:53.209"}}, {"model": "captcha.captchastore", "pk": 14, "fields": {"challenge": "VJTA", "response": "vjta", "hashkey": "106f182b9802d67035a1b05b905809c2ae45d64e", "expiration": "2018-06-04T04:37:38.384"}}, {"model": "captcha.captchastore", "pk": 15, "fields": {"challenge": "YUDP", "response": "yudp", "hashkey": "58258f8922fde8176f039a9dfe3262d87be27428", "expiration": "2018-06-04T12:12:27.887"}}, {"model": "captcha.captchastore", "pk": 16, "fields": {"challenge": "VSFF", "response": "vsff", "hashkey": "674ceebefaa43b6c4b9c8372a097095cf5955db0", "expiration": "2018-06-04T12:15:01.965"}}, {"model": "captcha.captchastore", "pk": 17, "fields": {"challenge": "QWTE", "response": "qwte", "hashkey": "b025d7839f38d69f4d2684236150ed8fa0651ea0", "expiration": "2018-06-04T12:16:08.505"}}, {"model": "captcha.captchastore", "pk": 18, "fields": {"challenge": "CZNU", "response": "cznu", "hashkey": "bf75b66865e21f1ba3d7665d5896a362576ff8c8", "expiration": "2018-06-04T12:16:55.770"}}, {"model": "captcha.captchastore", "pk": 19, "fields": {"challenge": "ENAT", "response": "enat", "hashkey": "0b26bccd977168aff4fba11101ab25dbeafd426b", "expiration": "2018-06-04T12:20:55.935"}}, {"model": "captcha.captchastore", "pk": 20, "fields": {"challenge": "UUJZ", "response": "uujz", "hashkey": "eda93591cb361d925d31120ef8a1746048e1e290", "expiration": "2018-06-04T12:20:58.575"}}, {"model": "captcha.captchastore", "pk": 21, "fields": {"challenge": "HBHG", "response": "hbhg", "hashkey": "3d53df19f035e3e196aab1b1786441e8bf128eef", "expiration": "2018-06-04T12:21:21.007"}}, {"model": "captcha.captchastore", "pk": 22, "fields": {"challenge": "BSVX", "response": "bsvx", "hashkey": "3c0934f3c709863f9357b7c049a4c616bcb9eea5", "expiration": "2018-06-04T12:21:31.907"}}, {"model": "captcha.captchastore", "pk": 23, "fields": {"challenge": "HFRT", "response": "hfrt", "hashkey": "761e674e28cd6dace49fe6ccb9ad6849a81d13e4", "expiration": "2018-06-04T12:29:42.063"}}, {"model": "captcha.captchastore", "pk": 24, "fields": {"challenge": "DKTI", "response": "dkti", "hashkey": "5d88700db41cc7cc18c3deb8f170ebdbdf260a77", "expiration": "2018-06-04T12:30:19.855"}}, {"model": "captcha.captchastore", "pk": 25, "fields": {"challenge": "GZQR", "response": "gzqr", "hashkey": "376a1179bb0b78194e8c97a9fc350d5860e91b1a", "expiration": "2018-06-04T12:32:17.549"}}, {"model": "captcha.captchastore", "pk": 26, "fields": {"challenge": "ROYK", "response": "royk", "hashkey": "2ad603401e18c8c0092c57e4cd93c8ea6d55b4fa", "expiration": "2018-06-04T12:32:19.240"}}, {"model": "captcha.captchastore", "pk": 27, "fields": {"challenge": "EQWI", "response": "eqwi", "hashkey": "de38f0e5b964254b99995d077e3e433ab24e1846", "expiration": "2018-06-04T12:33:10.259"}}, {"model": "captcha.captchastore", "pk": 28, "fields": {"challenge": "TESP", "response": "tesp", "hashkey": "29eeb26ebfc0a904a6af0b2691541e6af644f463", "expiration": "2018-06-04T12:33:19.052"}}, {"model": "captcha.captchastore", "pk": 29, "fields": {"challenge": "IEZH", "response": "iezh", "hashkey": "2fa688ac6929f2ffb41da5b50949250e2ab77600", "expiration": "2018-06-04T12:37:11.417"}}, {"model": "captcha.captchastore", "pk": 30, "fields": {"challenge": "RJAC", "response": "rjac", "hashkey": "15382130b89bd9be1019b104846480ee3a680e58", "expiration": "2018-06-04T12:38:22.992"}}, {"model": "captcha.captchastore", "pk": 31, "fields": {"challenge": "XTOP", "response": "xtop", "hashkey": "8e5e5b91f41ec50ad2dd7bd685689a0147cedf72", "expiration": "2018-06-04T12:39:25.197"}}, {"model": "captcha.captchastore", "pk": 32, "fields": {"challenge": "OQHD", "response": "oqhd", "hashkey": "c3bafc5a393acb391103b141de8bda7b642b3b03", "expiration": "2018-06-04T12:39:27.348"}}, {"model": "captcha.captchastore", "pk": 33, "fields": {"challenge": "WNDL", "response": "wndl", "hashkey": "3d9b98aa76c5bbad959c50071ccf3e06839e8b09", "expiration": "2018-06-04T12:39:47.599"}}, {"model": "captcha.captchastore", "pk": 34, "fields": {"challenge": "BMLQ", "response": "bmlq", "hashkey": "f7ec73854a396625ff63bf3144a37ef4483c34ee", "expiration": "2018-06-04T12:40:15.807"}}, {"model": "captcha.captchastore", "pk": 35, "fields": {"challenge": "KDOE", "response": "kdoe", "hashkey": "e4ed5c83daae1d27c9a5d744d773a4e9dc83d51e", "expiration": "2018-06-04T12:41:03.403"}}, {"model": "captcha.captchastore", "pk": 36, "fields": {"challenge": "HJIS", "response": "hjis", "hashkey": "7bfac9b9f304d5cbc6d958747ef01d22c6badbd0", "expiration": "2018-06-04T12:41:49.059"}}, {"model": "captcha.captchastore", "pk": 37, "fields": {"challenge": "ECUZ", "response": "ecuz", "hashkey": "e302601453932828ff8ba6ae3261eb1b1b77cc39", "expiration": "2018-06-04T12:41:56.203"}}, {"model": "captcha.captchastore", "pk": 38, "fields": {"challenge": "SVPX", "response": "svpx", "hashkey": "e10eb6299edbed71796b1272619fdb08428b11d3", "expiration": "2018-06-04T12:42:15.407"}}, {"model": "captcha.captchastore", "pk": 39, "fields": {"challenge": "ATZO", "response": "atzo", "hashkey": "f42f45a9a1cdd355692d2816461ca192a78021ce", "expiration": "2018-06-04T12:42:37.085"}}, {"model": "captcha.captchastore", "pk": 40, "fields": {"challenge": "ONBL", "response": "onbl", "hashkey": "366bb6793cc83c251d0892f6154c946b5787b2d2", "expiration": "2018-06-04T12:42:45.207"}}, {"model": "captcha.captchastore", "pk": 41, "fields": {"challenge": "VVWA", "response": "vvwa", "hashkey": "ea1e545c9952f12a7af4f580d503c3f87f712ac8", "expiration": "2018-06-04T12:43:09.534"}}, {"model": "captcha.captchastore", "pk": 42, "fields": {"challenge": "JEDK", "response": "jedk", "hashkey": "c52d4abdef0577fee19ded17873083098401b0c3", "expiration": "2018-06-04T12:43:30.467"}}, {"model": "captcha.captchastore", "pk": 43, "fields": {"challenge": "LSPJ", "response": "lspj", "hashkey": "06e465d2f1317c9eaca9962abda296771235bbb9", "expiration": "2018-06-04T12:44:26.536"}}, {"model": "captcha.captchastore", "pk": 44, "fields": {"challenge": "UJAZ", "response": "ujaz", "hashkey": "f814e01ad6495bffa3bdaa3fffd85faca481e528", "expiration": "2018-06-04T12:45:19.093"}}, {"model": "captcha.captchastore", "pk": 45, "fields": {"challenge": "UUHJ", "response": "uuhj", "hashkey": "539866e82cf08ff9a4548b44758b913d1eaa60f3", "expiration": "2018-06-04T12:45:21.254"}}, {"model": "captcha.captchastore", "pk": 46, "fields": {"challenge": "LZMD", "response": "lzmd", "hashkey": "f8e4ebd8449bd608ede1c800f6aae5386b1e1139", "expiration": "2018-06-04T12:46:35.806"}}, {"model": "captcha.captchastore", "pk": 47, "fields": {"challenge": "FLWK", "response": "flwk", "hashkey": "a075e9247a6e108e4592005c366b4af033bd4c11", "expiration": "2018-06-04T12:48:03.081"}}, {"model": "captcha.captchastore", "pk": 48, "fields": {"challenge": "POGG", "response": "pogg", "hashkey": "db3312382c30856a6f58c25fb9470ffb0375026b", "expiration": "2018-06-04T12:48:41.667"}}, {"model": "captcha.captchastore", "pk": 49, "fields": {"challenge": "BTPO", "response": "btpo", "hashkey": "a3f8cbc9e93d173ae669b73caf01ecb1f9809350", "expiration": "2018-06-04T12:51:12.570"}}, {"model": "captcha.captchastore", "pk": 50, "fields": {"challenge": "KSRO", "response": "ksro", "hashkey": "bfaed77e1441d321b29390762be2737000b15301", "expiration": "2018-06-04T12:51:37.841"}}, {"model": "captcha.captchastore", "pk": 51, "fields": {"challenge": "VSAT", "response": "vsat", "hashkey": "6363592c9e0b03c5ada3c41e9f2cff725a80b29f", "expiration": "2018-06-04T12:51:50.677"}}, {"model": "captcha.captchastore", "pk": 52, "fields": {"challenge": "TABY", "response": "taby", "hashkey": "08484d7fba71f6ddb3fbfcc7aa95a01a5e47ca88", "expiration": "2018-06-04T13:01:21.500"}}, {"model": "captcha.captchastore", "pk": 53, "fields": {"challenge": "VNQT", "response": "vnqt", "hashkey": "871e6467db5b03215e0a708f3768444aa89df929", "expiration": "2018-06-04T13:02:54.517"}}, {"model": "captcha.captchastore", "pk": 54, "fields": {"challenge": "AYSN", "response": "aysn", "hashkey": "155e030636e0e4882955773735c4924ddc6c1d51", "expiration": "2018-06-04T13:03:31.528"}}, {"model": "captcha.captchastore", "pk": 55, "fields": {"challenge": "FIPU", "response": "fipu", "hashkey": "b5cb21214f1fd07021ce702bd3e0fa1dd18f195c", "expiration": "2018-06-04T13:04:31.727"}}, {"model": "captcha.captchastore", "pk": 56, "fields": {"challenge": "CDKU", "response": "cdku", "hashkey": "5ff809e0fdf0b5b535583c899ce6a60c2dad11ed", "expiration": "2018-06-04T13:04:52.017"}}, {"model": "captcha.captchastore", "pk": 57, "fields": {"challenge": "MNMU", "response": "mnmu", "hashkey": "f3faf9965f3a0c36facc8d67489bb67a352ba962", "expiration": "2018-06-04T13:05:36.813"}}, {"model": "captcha.captchastore", "pk": 58, "fields": {"challenge": "GWGZ", "response": "gwgz", "hashkey": "5230a797315a00226475092f4700397a134fa4d2", "expiration": "2018-06-04T13:12:16.619"}}, {"model": "captcha.captchastore", "pk": 59, "fields": {"challenge": "MIZP", "response": "mizp", "hashkey": "3992351c23deee98111f30a5765cedf87802b2d3", "expiration": "2018-06-04T13:12:30.182"}}, {"model": "captcha.captchastore", "pk": 60, "fields": {"challenge": "ZYDM", "response": "zydm", "hashkey": "86196cbf615bcf94088e1d98632853b2f04ec34b", "expiration": "2018-06-04T13:41:08.699"}}, {"model": "captcha.captchastore", "pk": 61, "fields": {"challenge": "IPUT", "response": "iput", "hashkey": "03980a52e0043a8eab1651c7f9f197f165aa1d45", "expiration": "2018-06-05T02:14:01.221"}}, {"model": "captcha.captchastore", "pk": 62, "fields": {"challenge": "NHVL", "response": "nhvl", "hashkey": "b2ea803996d223a3dcd4ce1ee3978eb66f7907dc", "expiration": "2018-06-05T04:52:50.733"}}, {"model": "captcha.captchastore", "pk": 63, "fields": {"challenge": "MCQJ", "response": "mcqj", "hashkey": "9b6b3326d2fd783094030ff7bd6193b7687b67bb", "expiration": "2018-06-05T05:30:50.585"}}, {"model": "captcha.captchastore", "pk": 64, "fields": {"challenge": "TEWA", "response": "tewa", "hashkey": "53266dec025917364cc2a0be4ee1609125551e24", "expiration": "2018-06-05T05:32:15.240"}}, {"model": "captcha.captchastore", "pk": 65, "fields": {"challenge": "UNBF", "response": "unbf", "hashkey": "4333948e94f1964a7ba1a670b192a0c5ee356215", "expiration": "2018-06-05T05:38:23.256"}}, {"model": "captcha.captchastore", "pk": 66, "fields": {"challenge": "RPEQ", "response": "rpeq", "hashkey": "cb4b7149c3b7124fec0bbb3c2b3b653c5cf3ee5d", "expiration": "2018-06-05T05:39:08.070"}}, {"model": "captcha.captchastore", "pk": 67, "fields": {"challenge": "PXOL", "response": "pxol", "hashkey": "46b98ba9c1f4efa3e8ba215ccea151daca90fe0b", "expiration": "2018-06-05T05:40:10.131"}}, {"model": "captcha.captchastore", "pk": 68, "fields": {"challenge": "BPCO", "response": "bpco", "hashkey": "238de7ec002f43e5eb68a690fed24a52143006df", "expiration": "2018-06-05T05:45:12.559"}}, {"model": "captcha.captchastore", "pk": 69, "fields": {"challenge": "BBZW", "response": "bbzw", "hashkey": "8c31a70395fb8693e6ede6e26846cbc52bc6be39", "expiration": "2018-06-05T05:45:48.425"}}, {"model": "captcha.captchastore", "pk": 70, "fields": {"challenge": "DNOW", "response": "dnow", "hashkey": "e725a333ed970d0f92c7d258405931fbe9180419", "expiration": "2018-06-05T05:47:23.955"}}, {"model": "captcha.captchastore", "pk": 71, "fields": {"challenge": "HVVA", "response": "hvva", "hashkey": "bf2d90b3be59dcb2278951cb950282298d125759", "expiration": "2018-06-05T05:47:31.686"}}, {"model": "captcha.captchastore", "pk": 72, "fields": {"challenge": "YVNH", "response": "yvnh", "hashkey": "89a8b2069c3c7a3f16dde3048f8b5a5614ef5ec1", "expiration": "2018-06-05T05:47:45.172"}}, {"model": "captcha.captchastore", "pk": 73, "fields": {"challenge": "BKIE", "response": "bkie", "hashkey": "cfef885fb2e89864a5a47379da37b9937bf9d6e5", "expiration": "2018-06-05T05:48:36.492"}}, {"model": "captcha.captchastore", "pk": 74, "fields": {"challenge": "COKQ", "response": "cokq", "hashkey": "284544d396dba12c420973d7d7698986f7171e9f", "expiration": "2018-06-05T05:48:41.851"}}, {"model": "captcha.captchastore", "pk": 75, "fields": {"challenge": "QCWN", "response": "qcwn", "hashkey": "d98b0cc6025321be82d76380635cd9705fdaa126", "expiration": "2018-06-05T06:02:47.354"}}, {"model": "captcha.captchastore", "pk": 76, "fields": {"challenge": "RAJP", "response": "rajp", "hashkey": "be21514cb8d45244521a6007fee3c73d289112fe", "expiration": "2018-06-05T06:02:54.692"}}, {"model": "captcha.captchastore", "pk": 77, "fields": {"challenge": "KUGK", "response": "kugk", "hashkey": "96a8517e8fc2ab917299fbbd7fd2ad8766e87a07", "expiration": "2018-06-05T11:21:58.888"}}, {"model": "captcha.captchastore", "pk": 78, "fields": {"challenge": "HYQY", "response": "hyqy", "hashkey": "b41aac0b9cffde2c5e5d65d14650b66cce27ce29", "expiration": "2018-06-05T22:38:14.985"}}, {"model": "captcha.captchastore", "pk": 79, "fields": {"challenge": "QYOZ", "response": "qyoz", "hashkey": "633c919501095be077f84a5fc0937d2ea3971721", "expiration": "2018-06-06T12:27:05.797"}}, {"model": "captcha.captchastore", "pk": 80, "fields": {"challenge": "AIDS", "response": "aids", "hashkey": "b1a0a6c2701336d2ab084239c2d9cb1e890c9651", "expiration": "2018-06-08T11:50:19.091"}}, {"model": "captcha.captchastore", "pk": 81, "fields": {"challenge": "XZFD", "response": "xzfd", "hashkey": "e0fb9aefa185f9fdd05e12782d7ed648962ea0d6", "expiration": "2018-06-08T11:50:29.531"}}, {"model": "captcha.captchastore", "pk": 82, "fields": {"challenge": "BRQL", "response": "brql", "hashkey": "06938256daaddcd1a2554552d8eb4e99be4be3db", "expiration": "2018-06-10T09:12:01.519"}}, {"model": "captcha.captchastore", "pk": 83, "fields": {"challenge": "VHNK", "response": "vhnk", "hashkey": "e6d91d85615ab1ed70f4388e79958e4415b8cafb", "expiration": "2018-06-10T09:12:19.270"}}, {"model": "captcha.captchastore", "pk": 84, "fields": {"challenge": "RSQU", "response": "rsqu", "hashkey": "4d99825dd117d7252efc95eedecd47f8f518cda5", "expiration": "2018-06-11T03:03:07.525"}}, {"model": "auth.permission", "pk": 1, "fields": {"name": "Can add log entry", "content_type": 1, "codename": "add_logentry"}}, {"model": "auth.permission", "pk": 2, "fields": {"name": "Can change log entry", "content_type": 1, "codename": "change_logentry"}}, {"model": "auth.permission", "pk": 3, "fields": {"name": "Can delete log entry", "content_type": 1, "codename": "delete_logentry"}}, {"model": "auth.permission", "pk": 4, "fields": {"name": "Can view log entry", "content_type": 1, "codename": "view_logentry"}}, {"model": "auth.permission", "pk": 5, "fields": {"name": "Can add permission", "content_type": 2, "codename": "add_permission"}}, {"model": "auth.permission", "pk": 6, "fields": {"name": "Can change permission", "content_type": 2, "codename": "change_permission"}}, {"model": "auth.permission", "pk": 7, "fields": {"name": "Can delete permission", "content_type": 2, "codename": "delete_permission"}}, {"model": "auth.permission", "pk": 8, "fields": {"name": "Can add group", "content_type": 3, "codename": "add_group"}}, {"model": "auth.permission", "pk": 9, "fields": {"name": "Can change group", "content_type": 3, "codename": "change_group"}}, {"model": "auth.permission", "pk": 10, "fields": {"name": "Can delete group", "content_type": 3, "codename": "delete_group"}}, {"model": "auth.permission", "pk": 11, "fields": {"name": "Can view group", "content_type": 3, "codename": "view_group"}}, {"model": "auth.permission", "pk": 12, "fields": {"name": "Can view permission", "content_type": 2, "codename": "view_permission"}}, {"model": "auth.permission", "pk": 13, "fields": {"name": "Can add content type", "content_type": 4, "codename": "add_contenttype"}}, {"model": "auth.permission", "pk": 14, "fields": {"name": "Can change content type", "content_type": 4, "codename": "change_contenttype"}}, {"model": "auth.permission", "pk": 15, "fields": {"name": "Can delete content type", "content_type": 4, "codename": "delete_contenttype"}}, {"model": "auth.permission", "pk": 16, "fields": {"name": "Can view content type", "content_type": 4, "codename": "view_contenttype"}}, {"model": "auth.permission", "pk": 17, "fields": {"name": "Can add session", "content_type": 5, "codename": "add_session"}}, {"model": "auth.permission", "pk": 18, "fields": {"name": "Can change session", "content_type": 5, "codename": "change_session"}}, {"model": "auth.permission", "pk": 19, "fields": {"name": "Can delete session", "content_type": 5, "codename": "delete_session"}}, {"model": "auth.permission", "pk": 20, "fields": {"name": "Can view session", "content_type": 5, "codename": "view_session"}}, {"model": "auth.permission", "pk": 21, "fields": {"name": "Can add Personal Information", "content_type": 6, "codename": "add_userprofile"}}, {"model": "auth.permission", "pk": 22, "fields": {"name": "Can change Personal Information", "content_type": 6, "codename": "change_userprofile"}}, {"model": "auth.permission", "pk": 23, "fields": {"name": "Can delete Personal Information", "content_type": 6, "codename": "delete_userprofile"}}, {"model": "auth.permission", "pk": 24, "fields": {"name": "Can add Email verify code", "content_type": 7, "codename": "add_emailverifyrecord"}}, {"model": "auth.permission", "pk": 25, "fields": {"name": "Can change Email verify code", "content_type": 7, "codename": "change_emailverifyrecord"}}, {"model": "auth.permission", "pk": 26, "fields": {"name": "Can delete Email verify code", "content_type": 7, "codename": "delete_emailverifyrecord"}}, {"model": "auth.permission", "pk": 27, "fields": {"name": "Can add Slide window", "content_type": 8, "codename": "add_banner"}}, {"model": "auth.permission", "pk": 28, "fields": {"name": "Can change Slide window", "content_type": 8, "codename": "change_banner"}}, {"model": "auth.permission", "pk": 29, "fields": {"name": "Can delete Slide window", "content_type": 8, "codename": "delete_banner"}}, {"model": "auth.permission", "pk": 30, "fields": {"name": "Can view Slide window", "content_type": 8, "codename": "view_banner"}}, {"model": "auth.permission", "pk": 31, "fields": {"name": "Can view Email verify code", "content_type": 7, "codename": "view_emailverifyrecord"}}, {"model": "auth.permission", "pk": 32, "fields": {"name": "Can view Personal Information", "content_type": 6, "codename": "view_userprofile"}}, {"model": "auth.permission", "pk": 33, "fields": {"name": "Can add Course", "content_type": 9, "codename": "add_course"}}, {"model": "auth.permission", "pk": 34, "fields": {"name": "Can change Course", "content_type": 9, "codename": "change_course"}}, {"model": "auth.permission", "pk": 35, "fields": {"name": "Can delete Course", "content_type": 9, "codename": "delete_course"}}, {"model": "auth.permission", "pk": 36, "fields": {"name": "Can add Chapter", "content_type": 10, "codename": "add_lesson"}}, {"model": "auth.permission", "pk": 37, "fields": {"name": "Can change Chapter", "content_type": 10, "codename": "change_lesson"}}, {"model": "auth.permission", "pk": 38, "fields": {"name": "Can delete Chapter", "content_type": 10, "codename": "delete_lesson"}}, {"model": "auth.permission", "pk": 39, "fields": {"name": "Can add Course video", "content_type": 11, "codename": "add_video"}}, {"model": "auth.permission", "pk": 40, "fields": {"name": "Can change Course video", "content_type": 11, "codename": "change_video"}}, {"model": "auth.permission", "pk": 41, "fields": {"name": "Can delete Course video", "content_type": 11, "codename": "delete_video"}}, {"model": "auth.permission", "pk": 42, "fields": {"name": "Can add Course resources", "content_type": 12, "codename": "add_courseresource"}}, {"model": "auth.permission", "pk": 43, "fields": {"name": "Can change Course resources", "content_type": 12, "codename": "change_courseresource"}}, {"model": "auth.permission", "pk": 44, "fields": {"name": "Can delete Course resources", "content_type": 12, "codename": "delete_courseresource"}}, {"model": "auth.permission", "pk": 45, "fields": {"name": "Can add Banner course", "content_type": 9, "codename": "add_bannercourse"}}, {"model": "auth.permission", "pk": 46, "fields": {"name": "Can change Banner course", "content_type": 9, "codename": "change_bannercourse"}}, {"model": "auth.permission", "pk": 47, "fields": {"name": "Can delete Banner course", "content_type": 9, "codename": "delete_bannercourse"}}, {"model": "auth.permission", "pk": 48, "fields": {"name": "Can view Banner course", "content_type": 13, "codename": "view_bannercourse"}}, {"model": "auth.permission", "pk": 49, "fields": {"name": "Can view Course", "content_type": 9, "codename": "view_course"}}, {"model": "auth.permission", "pk": 50, "fields": {"name": "Can view Course resources", "content_type": 12, "codename": "view_courseresource"}}, {"model": "auth.permission", "pk": 51, "fields": {"name": "Can view Chapter", "content_type": 10, "codename": "view_lesson"}}, {"model": "auth.permission", "pk": 52, "fields": {"name": "Can view Course video", "content_type": 11, "codename": "view_video"}}, {"model": "auth.permission", "pk": 53, "fields": {"name": "Can add City", "content_type": 14, "codename": "add_citydict"}}, {"model": "auth.permission", "pk": 54, "fields": {"name": "Can change City", "content_type": 14, "codename": "change_citydict"}}, {"model": "auth.permission", "pk": 55, "fields": {"name": "Can delete City", "content_type": 14, "codename": "delete_citydict"}}, {"model": "auth.permission", "pk": 56, "fields": {"name": "Can add Course provider", "content_type": 15, "codename": "add_courseorg"}}, {"model": "auth.permission", "pk": 57, "fields": {"name": "Can change Course provider", "content_type": 15, "codename": "change_courseorg"}}, {"model": "auth.permission", "pk": 58, "fields": {"name": "Can delete Course provider", "content_type": 15, "codename": "delete_courseorg"}}, {"model": "auth.permission", "pk": 59, "fields": {"name": "Can add Teacher", "content_type": 16, "codename": "add_teacher"}}, {"model": "auth.permission", "pk": 60, "fields": {"name": "Can change Teacher", "content_type": 16, "codename": "change_teacher"}}, {"model": "auth.permission", "pk": 61, "fields": {"name": "Can delete Teacher", "content_type": 16, "codename": "delete_teacher"}}, {"model": "auth.permission", "pk": 62, "fields": {"name": "Can view City", "content_type": 14, "codename": "view_citydict"}}, {"model": "auth.permission", "pk": 63, "fields": {"name": "Can view Course provider", "content_type": 15, "codename": "view_courseorg"}}, {"model": "auth.permission", "pk": 64, "fields": {"name": "Can view Teacher", "content_type": 16, "codename": "view_teacher"}}, {"model": "auth.permission", "pk": 65, "fields": {"name": "Can add User reference service", "content_type": 17, "codename": "add_userask"}}, {"model": "auth.permission", "pk": 66, "fields": {"name": "Can change User reference service", "content_type": 17, "codename": "change_userask"}}, {"model": "auth.permission", "pk": 67, "fields": {"name": "Can delete User reference service", "content_type": 17, "codename": "delete_userask"}}, {"model": "auth.permission", "pk": 68, "fields": {"name": "Can add Course comments", "content_type": 18, "codename": "add_coursecomments"}}, {"model": "auth.permission", "pk": 69, "fields": {"name": "Can change Course comments", "content_type": 18, "codename": "change_coursecomments"}}, {"model": "auth.permission", "pk": 70, "fields": {"name": "Can delete Course comments", "content_type": 18, "codename": "delete_coursecomments"}}, {"model": "auth.permission", "pk": 71, "fields": {"name": "Can add User favorite", "content_type": 19, "codename": "add_userfavorite"}}, {"model": "auth.permission", "pk": 72, "fields": {"name": "Can change User favorite", "content_type": 19, "codename": "change_userfavorite"}}, {"model": "auth.permission", "pk": 73, "fields": {"name": "Can delete User favorite", "content_type": 19, "codename": "delete_userfavorite"}}, {"model": "auth.permission", "pk": 74, "fields": {"name": "Can add User Message", "content_type": 20, "codename": "add_usermessage"}}, {"model": "auth.permission", "pk": 75, "fields": {"name": "Can change User Message", "content_type": 20, "codename": "change_usermessage"}}, {"model": "auth.permission", "pk": 76, "fields": {"name": "Can delete User Message", "content_type": 20, "codename": "delete_usermessage"}}, {"model": "auth.permission", "pk": 77, "fields": {"name": "Can add User course", "content_type": 21, "codename": "add_usercourse"}}, {"model": "auth.permission", "pk": 78, "fields": {"name": "Can change User course", "content_type": 21, "codename": "change_usercourse"}}, {"model": "auth.permission", "pk": 79, "fields": {"name": "Can delete User course", "content_type": 21, "codename": "delete_usercourse"}}, {"model": "auth.permission", "pk": 80, "fields": {"name": "Can view Course comments", "content_type": 18, "codename": "view_coursecomments"}}, {"model": "auth.permission", "pk": 81, "fields": {"name": "Can view User reference service", "content_type": 17, "codename": "view_userask"}}, {"model": "auth.permission", "pk": 82, "fields": {"name": "Can view User course", "content_type": 21, "codename": "view_usercourse"}}, {"model": "auth.permission", "pk": 83, "fields": {"name": "Can view User favorite", "content_type": 19, "codename": "view_userfavorite"}}, {"model": "auth.permission", "pk": 84, "fields": {"name": "Can view User Message", "content_type": 20, "codename": "view_usermessage"}}, {"model": "auth.permission", "pk": 85, "fields": {"name": "Can add Bookmark", "content_type": 22, "codename": "add_bookmark"}}, {"model": "auth.permission", "pk": 86, "fields": {"name": "Can change Bookmark", "content_type": 22, "codename": "change_bookmark"}}, {"model": "auth.permission", "pk": 87, "fields": {"name": "Can delete Bookmark", "content_type": 22, "codename": "delete_bookmark"}}, {"model": "auth.permission", "pk": 88, "fields": {"name": "Can add User Setting", "content_type": 23, "codename": "add_usersettings"}}, {"model": "auth.permission", "pk": 89, "fields": {"name": "Can change User Setting", "content_type": 23, "codename": "change_usersettings"}}, {"model": "auth.permission", "pk": 90, "fields": {"name": "Can delete User Setting", "content_type": 23, "codename": "delete_usersettings"}}, {"model": "auth.permission", "pk": 91, "fields": {"name": "Can add User Widget", "content_type": 24, "codename": "add_userwidget"}}, {"model": "auth.permission", "pk": 92, "fields": {"name": "Can change User Widget", "content_type": 24, "codename": "change_userwidget"}}, {"model": "auth.permission", "pk": 93, "fields": {"name": "Can delete User Widget", "content_type": 24, "codename": "delete_userwidget"}}, {"model": "auth.permission", "pk": 94, "fields": {"name": "Can add log entry", "content_type": 25, "codename": "add_log"}}, {"model": "auth.permission", "pk": 95, "fields": {"name": "Can change log entry", "content_type": 25, "codename": "change_log"}}, {"model": "auth.permission", "pk": 96, "fields": {"name": "Can delete log entry", "content_type": 25, "codename": "delete_log"}}, {"model": "auth.permission", "pk": 97, "fields": {"name": "Can view Bookmark", "content_type": 22, "codename": "view_bookmark"}}, {"model": "auth.permission", "pk": 98, "fields": {"name": "Can view log entry", "content_type": 25, "codename": "view_log"}}, {"model": "auth.permission", "pk": 99, "fields": {"name": "Can view User Setting", "content_type": 23, "codename": "view_usersettings"}}, {"model": "auth.permission", "pk": 100, "fields": {"name": "Can view User Widget", "content_type": 24, "codename": "view_userwidget"}}, {"model": "auth.permission", "pk": 101, "fields": {"name": "Can add captcha store", "content_type": 26, "codename": "add_captchastore"}}, {"model": "auth.permission", "pk": 102, "fields": {"name": "Can change captcha store", "content_type": 26, "codename": "change_captchastore"}}, {"model": "auth.permission", "pk": 103, "fields": {"name": "Can delete captcha store", "content_type": 26, "codename": "delete_captchastore"}}, {"model": "auth.permission", "pk": 104, "fields": {"name": "Can view captcha store", "content_type": 26, "codename": "view_captchastore"}}, {"model": "users.userprofile", "pk": 1, "fields": {"password": "pbkdf2_sha256$24000$e0xEeznIpqqu$/2Yfw2gfRUWvsoRr0xA3Wp6rgVCNA1ibxZGOImb/sTQ=", "last_login": "2018-06-07T02:33:21.389", "is_superuser": true, "username": "infyni", "first_name": "", "last_name": "", "email": "mkrsinha5@gmail.com", "is_staff": true, "is_active": true, "date_joined": "2018-05-26T13:46:24.123", "nick_name": "", "birthday": null, "gender": "female", "address": "", "mobile": null, "image": "image/default.png", "groups": [], "user_permissions": []}}, {"model": "users.userprofile", "pk": 2, "fields": {"password": "pbkdf2_sha256$24000$xmq7Wux32Cga$hJkDiEDCehPyuv+SJ7yEGR4p67swbDjH4Lip8aeXCE4=", "last_login": null, "is_superuser": false, "username": "manoj@chotamango.com", "first_name": "", "last_name": "", "email": "manoj@chotamango.com", "is_staff": false, "is_active": false, "date_joined": "2018-06-02T14:09:24.793", "nick_name": "", "birthday": null, "gender": "female", "address": "", "mobile": null, "image": "image/default.png", "groups": [], "user_permissions": []}}, {"model": "users.userprofile", "pk": 3, "fields": {"password": "pbkdf2_sha256$24000$9Of9nSLJVkfd$Yf8igQH1yZTHy2rTEC18jjnrL/DuloFEm8Ed+pez8SQ=", "last_login": "2018-06-03T10:07:01.547", "is_superuser": false, "username": "manojsinha75@yahoo.com", "first_name": "", "last_name": "", "email": "manojsinha75@yahoo.com", "is_staff": false, "is_active": true, "date_joined": "2018-06-02T15:10:59.953", "nick_name": "Randy Mock", "birthday": "1983-03-01", "gender": "male", "address": "2043 N Lovington Drive, 203", "mobile": "5863820682", "image": "image/2018/06/course-1.jpg", "groups": [], "user_permissions": []}}, {"model": "users.userprofile", "pk": 4, "fields": {"password": "pbkdf2_sha256$24000$eDYqmh2pWk2K$nmQymt59buU1VCPzGcSFcEmpv7ULg0Vem7aeP++MCs8=", "last_login": "2018-06-11T02:58:49.784", "is_superuser": false, "username": "manojsinha75@gmail.com", "first_name": "", "last_name": "", "email": "manojsinha75@gmail.com", "is_staff": false, "is_active": true, "date_joined": "2018-06-02T15:28:40.333", "nick_name": "", "birthday": null, "gender": "female", "address": "", "mobile": null, "image": "image/default.png", "groups": [], "user_permissions": []}}, {"model": "operation.coursecomments", "pk": 1, "fields": {"user": 4, "course": 1, "comments": "fun to watch", "add_time": "2018-06-02T23:21:45.349"}}, {"model": "operation.coursecomments", "pk": 2, "fields": {"user": 4, "course": 4, "comments": "Awesome", "add_time": "2018-06-03T09:46:57.514"}}, {"model": "operation.userfavorite", "pk": 1, "fields": {"user": 4, "fav_id": 2, "fav_type": 1, "add_time": "2018-06-02T15:32:57.947"}}, {"model": "operation.userfavorite", "pk": 2, "fields": {"user": 4, "fav_id": 1, "fav_type": 2, "add_time": "2018-06-02T15:33:06.322"}}, {"model": "operation.userfavorite", "pk": 3, "fields": {"user": 4, "fav_id": 1, "fav_type": 1, "add_time": "2018-06-02T23:19:32.967"}}, {"model": "operation.userfavorite", "pk": 4, "fields": {"user": 1, "fav_id": 4, "fav_type": 1, "add_time": "2018-06-03T09:44:25.545"}}, {"model": "operation.userfavorite", "pk": 5, "fields": {"user": 4, "fav_id": 4, "fav_type": 1, "add_time": "2018-06-03T09:45:37.112"}}, {"model": "operation.userfavorite", "pk": 6, "fields": {"user": 3, "fav_id": 4, "fav_type": 1, "add_time": "2018-06-03T09:55:26.470"}}, {"model": "operation.userfavorite", "pk": 7, "fields": {"user": 4, "fav_id": 3, "fav_type": 2, "add_time": "2018-06-03T13:01:28.803"}}, {"model": "operation.userfavorite", "pk": 8, "fields": {"user": 4, "fav_id": 6, "fav_type": 1, "add_time": "2018-06-05T23:14:00.611"}}, {"model": "operation.userfavorite", "pk": 9, "fields": {"user": 4, "fav_id": 7, "fav_type": 1, "add_time": "2018-06-07T02:31:47.699"}}, {"model": "operation.userfavorite", "pk": 10, "fields": {"user": 4, "fav_id": 8, "fav_type": 1, "add_time": "2018-06-09T10:54:03.046"}}, {"model": "operation.usercourse", "pk": 1, "fields": {"course": 3, "user": 4, "add_time": "2018-06-02T15:32:10.902"}}, {"model": "operation.usercourse", "pk": 2, "fields": {"course": 2, "user": 4, "add_time": "2018-06-02T15:32:41.070"}}, {"model": "operation.usercourse", "pk": 3, "fields": {"course": 1, "user": 4, "add_time": "2018-06-02T23:20:35.852"}}, {"model": "operation.usercourse", "pk": 4, "fields": {"course": 4, "user": 4, "add_time": "2018-06-03T09:45:39.715"}}, {"model": "operation.usercourse", "pk": 5, "fields": {"course": 4, "user": 3, "add_time": "2018-06-03T09:55:33.281"}}, {"model": "operation.usercourse", "pk": 6, "fields": {"course": 6, "user": 4, "add_time": "2018-06-05T23:14:10.151"}}, {"model": "operation.usercourse", "pk": 7, "fields": {"course": 7, "user": 4, "add_time": "2018-06-07T02:31:48.937"}}, {"model": "operation.usercourse", "pk": 8, "fields": {"course": 8, "user": 4, "add_time": "2018-06-09T10:54:19.864"}}, {"model": "xadmin.usersettings", "pk": 1, "fields": {"user": 1, "key": "dashboard:home:pos", "value": ""}}, {"model": "xadmin.usersettings", "pk": 2, "fields": {"user": 1, "key": "site-theme", "value": "/static/xadmin/css/themes/bootstrap-theme.css"}}, {"model": "xadmin.log", "pk": 1, "fields": {"action_time": "2018-05-26T16:08:08.200", "user": 1, "ip_addr": "127.0.0.1", "content_type": 14, "object_id": "1", "object_repr": "San Francisco", "action_flag": "create", "message": "Added."}}, {"model": "xadmin.log", "pk": 2, "fields": {"action_time": "2018-06-02T12:41:58.438", "user": 1, "ip_addr": "127.0.0.1", "content_type": 14, "object_id": "2", "object_repr": "Detroit", "action_flag": "create", "message": "Added."}}, {"model": "xadmin.log", "pk": 3, "fields": {"action_time": "2018-06-02T12:43:18.523", "user": 1, "ip_addr": "127.0.0.1", "content_type": 15, "object_id": "1", "object_repr": "NCS PEARSON INC AN INDIRECT WHOLLY", "action_flag": "create", "message": "Added."}}, {"model": "xadmin.log", "pk": 4, "fields": {"action_time": "2018-06-02T12:44:09.550", "user": 1, "ip_addr": "127.0.0.1", "content_type": 13, "object_id": "2", "object_repr": "Operating System", "action_flag": "change", "message": "Changed course_org."}}, {"model": "xadmin.log", "pk": 5, "fields": {"action_time": "2018-06-02T14:03:03.955", "user": 1, "ip_addr": "127.0.0.1", "content_type": 15, "object_id": "2", "object_repr": "Infyni", "action_flag": "create", "message": "Added."}}, {"model": "xadmin.log", "pk": 6, "fields": {"action_time": "2018-06-02T14:04:14.291", "user": 1, "ip_addr": "127.0.0.1", "content_type": 13, "object_id": "1", "object_repr": "DataStructure", "action_flag": "change", "message": "Changed course_org."}}, {"model": "xadmin.log", "pk": 7, "fields": {"action_time": "2018-06-02T14:06:57.227", "user": 1, "ip_addr": "127.0.0.1", "content_type": 16, "object_id": "1", "object_repr": "Manoj Sinha", "action_flag": "create", "message": "Added."}}, {"model": "xadmin.log", "pk": 8, "fields": {"action_time": "2018-06-02T14:07:44.147", "user": 1, "ip_addr": "127.0.0.1", "content_type": 13, "object_id": "1", "object_repr": "DataStructure", "action_flag": "change", "message": "Changed teacher."}}, {"model": "xadmin.log", "pk": 9, "fields": {"action_time": "2018-06-02T23:16:31.848", "user": 1, "ip_addr": "127.0.0.1", "content_type": 10, "object_id": "1", "object_repr": "Quick Search", "action_flag": "create", "message": "Added."}}, {"model": "xadmin.log", "pk": 10, "fields": {"action_time": "2018-06-02T23:18:17.755", "user": 1, "ip_addr": "127.0.0.1", "content_type": 11, "object_id": "1", "object_repr": "Python Learning", "action_flag": "create", "message": "Added."}}, {"model": "xadmin.log", "pk": 11, "fields": {"action_time": "2018-06-03T00:08:59.129", "user": 1, "ip_addr": "127.0.0.1", "content_type": 11, "object_id": "1", "object_repr": "Python Learning", "action_flag": "change", "message": "Changed url."}}, {"model": "xadmin.log", "pk": 12, "fields": {"action_time": "2018-06-03T09:21:14.609", "user": 1, "ip_addr": "127.0.0.1", "content_type": 14, "object_id": "3", "object_repr": "Mountain View", "action_flag": "create", "message": "Added."}}, {"model": "xadmin.log", "pk": 13, "fields": {"action_time": "2018-06-03T09:23:55.572", "user": 1, "ip_addr": "127.0.0.1", "content_type": 15, "object_id": "3", "object_repr": "Stanford University", "action_flag": "create", "message": "Added."}}, {"model": "xadmin.log", "pk": 14, "fields": {"action_time": "2018-06-03T09:27:34.030", "user": 1, "ip_addr": "127.0.0.1", "content_type": 16, "object_id": "2", "object_repr": "Nicole Ardoin", "action_flag": "create", "message": "Added."}}, {"model": "xadmin.log", "pk": 15, "fields": {"action_time": "2018-06-03T09:34:25.605", "user": 1, "ip_addr": "127.0.0.1", "content_type": 13, "object_id": "5", "object_repr": "Artificial intelligence", "action_flag": "create", "message": "Added."}}, {"model": "xadmin.log", "pk": 16, "fields": {"action_time": "2018-06-03T09:35:04.872", "user": 1, "ip_addr": "127.0.0.1", "content_type": 10, "object_id": "2", "object_repr": "An Introduction to Machine Learning", "action_flag": "create", "message": "Added."}}, {"model": "xadmin.log", "pk": 17, "fields": {"action_time": "2018-06-03T09:41:30.305", "user": 1, "ip_addr": "127.0.0.1", "content_type": 11, "object_id": "2", "object_repr": "Machine Learning", "action_flag": "create", "message": "Added."}}, {"model": "xadmin.log", "pk": 18, "fields": {"action_time": "2018-06-03T09:42:59.528", "user": 1, "ip_addr": "127.0.0.1", "content_type": 12, "object_id": "1", "object_repr": "CourseResource object", "action_flag": "create", "message": "Added."}}, {"model": "xadmin.log", "pk": 19, "fields": {"action_time": "2018-06-05T22:11:18.839", "user": 1, "ip_addr": "127.0.0.1", "content_type": 16, "object_id": "3", "object_repr": "David Eng", "action_flag": "create", "message": "Added."}}, {"model": "xadmin.log", "pk": 20, "fields": {"action_time": "2018-06-05T22:21:11.868", "user": 1, "ip_addr": "127.0.0.1", "content_type": 10, "object_id": "3", "object_repr": "Complexity of algorithms", "action_flag": "create", "message": "Added."}}, {"model": "xadmin.log", "pk": 21, "fields": {"action_time": "2018-06-05T22:21:59.328", "user": 1, "ip_addr": "127.0.0.1", "content_type": 10, "object_id": "4", "object_repr": "Quick sort", "action_flag": "create", "message": "Added."}}, {"model": "xadmin.log", "pk": 22, "fields": {"action_time": "2018-06-05T22:23:10.766", "user": 1, "ip_addr": "127.0.0.1", "content_type": 11, "object_id": "3", "object_repr": "Design and Analysis of Algorithms", "action_flag": "create", "message": "Added."}}, {"model": "xadmin.log", "pk": 23, "fields": {"action_time": "2018-06-05T22:26:37.014", "user": 1, "ip_addr": "127.0.0.1", "content_type": 13, "object_id": "7", "object_repr": "Design and Analysis of Algorithms-Sampath Kannan", "action_flag": "change", "message": "Changed name and image."}}, {"model": "xadmin.log", "pk": 24, "fields": {"action_time": "2018-06-05T22:28:34.663", "user": 1, "ip_addr": "127.0.0.1", "content_type": 13, "object_id": "1", "object_repr": "DataStructure", "action_flag": "change", "message": "Changed image."}}, {"model": "xadmin.log", "pk": 25, "fields": {"action_time": "2018-06-05T22:30:51.749", "user": 1, "ip_addr": "127.0.0.1", "content_type": 13, "object_id": "2", "object_repr": "Operating System", "action_flag": "change", "message": "Changed teacher and desc."}}, {"model": "xadmin.log", "pk": 26, "fields": {"action_time": "2018-06-09T10:45:19.936", "user": 1, "ip_addr": "127.0.0.1", "content_type": 14, "object_id": "4", "object_repr": "Boston", "action_flag": "create", "message": "Added."}}, {"model": "xadmin.log", "pk": 27, "fields": {"action_time": "2018-06-09T10:48:42.023", "user": 1, "ip_addr": "127.0.0.1", "content_type": 15, "object_id": "4", "object_repr": "Oracle", "action_flag": "create", "message": "Added."}}, {"model": "xadmin.log", "pk": 28, "fields": {"action_time": "2018-06-09T10:50:04.822", "user": 1, "ip_addr": "127.0.0.1", "content_type": 16, "object_id": "4", "object_repr": "Nick N", "action_flag": "create", "message": "Added."}}, {"model": "xadmin.log", "pk": 29, "fields": {"action_time": "2018-06-09T10:51:30.256", "user": 1, "ip_addr": "127.0.0.1", "content_type": 13, "object_id": "8", "object_repr": "Database Design", "action_flag": "create", "message": "Added."}}, {"model": "xadmin.log", "pk": 30, "fields": {"action_time": "2018-06-09T10:52:37.052", "user": 1, "ip_addr": "127.0.0.1", "content_type": 10, "object_id": "5", "object_repr": "Table Normalization", "action_flag": "create", "message": "Added."}}, {"model": "xadmin.log", "pk": 31, "fields": {"action_time": "2018-06-09T10:53:28.924", "user": 1, "ip_addr": "127.0.0.1", "content_type": 12, "object_id": "2", "object_repr": "CourseResource object", "action_flag": "create", "message": "Added."}}]