[
{
    "model": "users.userprofile",
    "fields": {
        "password": "pbkdf2_sha256$24000$e0xEeznIpqqu$/2Yfw2gfRUWvsoRr0xA3Wp6rgVCNA1ibxZGOImb/sTQ=",
        "last_login": "2018-07-06T23:15:02.376",
        "is_superuser": true,
        "username": "infyni",
        "first_name": "",
        "last_name": "",
        "email": "mkrsinha5@gmail.com",
        "is_staff": true,
        "is_active": true,
        "date_joined": "2018-05-26T13:46:24.123",
        "nick_name": "",
        "birthday": null,
        "gender": "female",
        "address": "",
        "mobile": null,
        "image": "image/default.png",
        "is_instructor": false,
        "groups": [],
        "user_permissions": []
    }
},
{
    "model": "users.userprofile",
    "fields": {
        "password": "pbkdf2_sha256$24000$xmq7Wux32Cga$hJkDiEDCehPyuv+SJ7yEGR4p67swbDjH4Lip8aeXCE4=",
        "last_login": null,
        "is_superuser": false,
        "username": "manoj@chotamango.com",
        "first_name": "",
        "last_name": "",
        "email": "manoj@chotamango.com",
        "is_staff": false,
        "is_active": false,
        "date_joined": "2018-06-02T14:09:24.793",
        "nick_name": "",
        "birthday": null,
        "gender": "female",
        "address": "",
        "mobile": null,
        "image": "image/default.png",
        "is_instructor": false,
        "groups": [],
        "user_permissions": []
    }
},
{
    "model": "users.userprofile",
    "fields": {
        "password": "pbkdf2_sha256$24000$9Of9nSLJVkfd$Yf8igQH1yZTHy2rTEC18jjnrL/DuloFEm8Ed+pez8SQ=",
        "last_login": "2018-07-09T06:06:42.421",
        "is_superuser": false,
        "username": "manojsinha75@yahoo.com",
        "first_name": "",
        "last_name": "",
        "email": "manojsinha75@yahoo.com",
        "is_staff": false,
        "is_active": true,
        "date_joined": "2018-06-02T15:10:59.953",
        "nick_name": "Randy Mock",
        "birthday": "1983-03-01",
        "gender": "male",
        "address": "2043 N Lovington Drive, 203",
        "mobile": "5863820682",
        "image": "image/2018/06/course-1.jpg",
        "is_instructor": false,
        "groups": [],
        "user_permissions": []
    }
},
{
    "model": "users.userprofile",
    "fields": {
        "password": "pbkdf2_sha256$24000$eDYqmh2pWk2K$nmQymt59buU1VCPzGcSFcEmpv7ULg0Vem7aeP++MCs8=",
        "last_login": "2018-07-08T06:12:09.513",
        "is_superuser": false,
        "username": "manojsinha75@gmail.com",
        "first_name": "",
        "last_name": "",
        "email": "manojsinha75@gmail.com",
        "is_staff": false,
        "is_active": true,
        "date_joined": "2018-06-02T15:28:40.333",
        "nick_name": "",
        "birthday": null,
        "gender": "female",
        "address": "",
        "mobile": null,
        "image": "image/default.png",
        "is_instructor": true,
        "groups": [],
        "user_permissions": []
    }
},
{
    "model": "users.instructorcourse",
    "pk": 1,
    "fields": {
        "user": [
            "infyni"
        ],
        "lesson": 1,
        "price": 900,
        "class_start": "2018-07-20T23:30:00",
        "class_end": "2018-07-21T00:30:00"
    }
},
{
    "model": "users.instructorcourse",
    "pk": 2,
    "fields": {
        "user": [
            "manojsinha75@gmail.com"
        ],
        "lesson": 1,
        "price": 500,
        "class_start": "2018-07-27T21:30:00",
        "class_end": "2018-07-27T23:30:00"
    }
},
{
    "model": "users.instructorcourse",
    "pk": 3,
    "fields": {
        "user": [
            "manojsinha75@gmail.com"
        ],
        "lesson": 2,
        "price": 3000,
        "class_start": "2018-07-21T00:00:00",
        "class_end": "2018-07-22T01:00:00"
    }
},
{
    "model": "users.emailverifyrecord",
    "pk": 1,
    "fields": {
        "code": "dtnHtQulygPr91kF",
        "email": "manoj@chotamango.com",
        "send_type": "register",
        "send_time": "2018-06-02T14:09:24.913"
    }
},
{
    "model": "users.emailverifyrecord",
    "pk": 2,
    "fields": {
        "code": "1MrMfEPd3kRaRDVS",
        "email": "manojsinha75@yahoo.com",
        "send_type": "register",
        "send_time": "2018-06-02T15:11:00.075"
    }
},
{
    "model": "users.emailverifyrecord",
    "pk": 3,
    "fields": {
        "code": "hGtdT9rU8Ymc2XWX",
        "email": "manojsinha75@gmail.com",
        "send_type": "register",
        "send_time": "2018-06-02T15:28:40.455"
    }
},
{
    "model": "courses.coursecategory",
    "pk": 1,
    "fields": {
        "name": "Higher Education",
        "description": "Higher Education",
        "created_at": "2018-07-06T13:04:03.201",
        "updated_at": "2018-07-06T13:04:03.201"
    }
},
{
    "model": "courses.coursecategory",
    "pk": 2,
    "fields": {
        "name": "Professional Course",
        "description": "Professional Course",
        "created_at": "2018-07-06T13:04:12.161",
        "updated_at": "2018-07-06T13:04:12.161"
    }
},
{
    "model": "courses.course",
    "pk": 1,
    "fields": {
        "course_org": 2,
        "course_category": 1,
        "name": "DataStructure",
        "teacher": 1,
        "desc": "Nice Computer",
        "category": "back end",
        "is_banner": true,
        "degree": "zj",
        "learn_times": 30,
        "students": 31,
        "fav_nums": 0,
        "image": "courses/2018/06/DS-1.jpg",
        "click_num": 25,
        "add_time": "2018-05-26T13:48:28",
        "tags": "Computer science",
        "you_need_know": "BE",
        "teacher_notice": "2 weeks"
    }
},
{
    "model": "courses.course",
    "pk": 2,
    "fields": {
        "course_org": 1,
        "course_category": 1,
        "name": "Operating System",
        "teacher": 2,
        "desc": "Operating system",
        "category": "back end",
        "is_banner": true,
        "degree": "cj",
        "learn_times": 200,
        "students": 11,
        "fav_nums": 0,
        "image": "courses/2018/06/author.jpg",
        "click_num": 13,
        "add_time": "2018-06-02T08:48:48",
        "tags": "Operating System",
        "you_need_know": "Btech",
        "teacher_notice": "Be Serious"
    }
},
{
    "model": "courses.course",
    "pk": 3,
    "fields": {
        "course_org": 2,
        "course_category": 1,
        "name": "Networking",
        "teacher": 3,
        "desc": "Networkig",
        "category": "back end",
        "is_banner": false,
        "degree": "gj",
        "learn_times": 100,
        "students": 6,
        "fav_nums": 0,
        "image": "courses/2018/06/course-2.jpg",
        "click_num": 21,
        "add_time": "2018-06-02T08:52:57",
        "tags": "Happy learning",
        "you_need_know": "BE",
        "teacher_notice": "Be Serious"
    }
},
{
    "model": "courses.course",
    "pk": 4,
    "fields": {
        "course_org": 3,
        "course_category": 2,
        "name": "Machine Learning",
        "teacher": 2,
        "desc": "Machine learning is a subfield of artificial intelligence (AI). The goal of machine learning generally is to understand the structure of data and fit that data into models that can be understood and utilized by people.",
        "category": "Computer Science",
        "is_banner": false,
        "degree": "gj",
        "learn_times": 300,
        "students": 12,
        "fav_nums": 2,
        "image": "courses/2018/06/img-small4.jpg",
        "click_num": 47,
        "add_time": "2018-06-04T11:00:00",
        "tags": "Computer science",
        "you_need_know": "Engineering",
        "teacher_notice": "Basic Computer Science Knowledge"
    }
},
{
    "model": "courses.course",
    "pk": 5,
    "fields": {
        "course_org": 3,
        "course_category": 2,
        "name": "Artificial intelligence",
        "teacher": 2,
        "desc": "In machine learning, tasks are generally classified into broad categories",
        "category": "Computer Science",
        "is_banner": false,
        "degree": "gj",
        "learn_times": 300,
        "students": 10,
        "fav_nums": 0,
        "image": "courses/2018/06/img-large3.jpg",
        "click_num": 12,
        "add_time": "2018-06-04T12:00:00",
        "tags": "Computer science",
        "you_need_know": "Master",
        "teacher_notice": "High Computer Science Knowledge"
    }
},
{
    "model": "courses.course",
    "pk": 6,
    "fields": {
        "course_org": 3,
        "course_category": 1,
        "name": "Design and Analysis of Algorithms",
        "teacher": 3,
        "desc": "Worst and average case analysis. Recurrences and asymptotics",
        "category": "back end",
        "is_banner": true,
        "degree": "cj",
        "learn_times": 180,
        "students": 10,
        "fav_nums": 0,
        "image": "courses/2018/06/algorithm-1.jpg",
        "click_num": 22,
        "add_time": "2018-06-11T11:00:00",
        "tags": "Algorithms, Analyzing algorithms",
        "you_need_know": "BE",
        "teacher_notice": "2 weeks"
    }
},
{
    "model": "courses.course",
    "pk": 7,
    "fields": {
        "course_org": 3,
        "course_category": 2,
        "name": "Design and Analysis of Algorithms-Sampath Kannan",
        "teacher": 3,
        "desc": "Worst and average case analysis. Recurrences and asymptotics",
        "category": "back end",
        "is_banner": true,
        "degree": "cj",
        "learn_times": 180,
        "students": 9,
        "fav_nums": 0,
        "image": "courses/2018/06/algorithm-2.jpg",
        "click_num": 11,
        "add_time": "2018-06-11T11:00:00",
        "tags": "Algorithms, Analyzing algorithms",
        "you_need_know": "BE",
        "teacher_notice": "2"
    }
},
{
    "model": "courses.course",
    "pk": 8,
    "fields": {
        "course_org": 4,
        "course_category": 1,
        "name": "Database Design",
        "teacher": 4,
        "desc": "In machine learning, tasks are generally classified into broad categories",
        "category": "back end",
        "is_banner": true,
        "degree": "zj",
        "learn_times": 200,
        "students": 13,
        "fav_nums": 1,
        "image": "courses/2018/06/img-72.jpg",
        "click_num": 5,
        "add_time": "2018-06-09T10:50:20",
        "tags": "Algorithms, Analyzing algorithms",
        "you_need_know": "BE",
        "teacher_notice": "2 weeks"
    }
},
{
    "model": "courses.course",
    "pk": 9,
    "fields": {
        "course_org": 2,
        "course_category": 1,
        "name": "Blockchain",
        "teacher": 2,
        "desc": "OPerating system",
        "category": "back end",
        "is_banner": false,
        "degree": "gj",
        "learn_times": 200,
        "students": 6,
        "fav_nums": 0,
        "image": "courses/2018/06/3.jpg",
        "click_num": 1,
        "add_time": "2018-06-21T13:31:13",
        "tags": "Computer science",
        "you_need_know": "Engineering",
        "teacher_notice": "Basic Computer Science Knowledge"
    }
},
{
    "model": "courses.lesson",
    "pk": 1,
    "fields": {
        "course": 1,
        "name": "Quick Search",
        "add_time": "2018-06-04T10:30:00",
        "price": "2000",
        "live_class_from": "2018-07-06T13:02:19",
        "live_class_to": "2018-07-06T13:02:19"
    }
},
{
    "model": "courses.lesson",
    "pk": 2,
    "fields": {
        "course": 4,
        "name": "An Introduction to Machine Learning",
        "add_time": "2018-06-11T10:30:00",
        "price": "500",
        "live_class_from": "2018-07-06T13:02:19",
        "live_class_to": "2018-07-06T13:02:19"
    }
},
{
    "model": "courses.lesson",
    "pk": 3,
    "fields": {
        "course": 6,
        "name": "Complexity of algorithms",
        "add_time": "2018-06-11T11:00:00",
        "price": "1500",
        "live_class_from": "2018-07-06T13:02:19",
        "live_class_to": "2018-07-06T13:02:19"
    }
},
{
    "model": "courses.lesson",
    "pk": 4,
    "fields": {
        "course": 6,
        "name": "Quick sort",
        "add_time": "2018-06-12T10:30:00",
        "price": "1600",
        "live_class_from": "2018-07-06T13:02:19",
        "live_class_to": "2018-07-06T13:02:19"
    }
},
{
    "model": "courses.lesson",
    "pk": 5,
    "fields": {
        "course": 8,
        "name": "Table Normalization",
        "add_time": "2018-06-11T09:00:00",
        "price": "1200",
        "live_class_from": "2018-07-06T13:02:19",
        "live_class_to": "2018-07-06T13:02:19"
    }
},
{
    "model": "courses.lesson",
    "pk": 6,
    "fields": {
        "course": 3,
        "name": "Packet Transmission",
        "add_time": "2018-06-15T12:46:16",
        "price": "300",
        "live_class_from": "2018-07-06T13:02:19",
        "live_class_to": "2018-07-06T13:02:19"
    }
},
{
    "model": "courses.lesson",
    "pk": 7,
    "fields": {
        "course": 1,
        "name": "Red Black Tree",
        "add_time": "2018-06-16T02:51:01",
        "price": "700",
        "live_class_from": "2018-07-06T13:02:19",
        "live_class_to": "2018-07-06T13:02:19"
    }
},
{
    "model": "courses.video",
    "pk": 1,
    "fields": {
        "lesson": 1,
        "name": "Python Learning",
        "add_time": "2018-06-02T08:17:00",
        "url": "/Users/usinhma/Documents/Personal/Deloitte/Manoj/Snaps/Samsung/20150227_143009.mp4",
        "learn_times": 20,
        "video_file": ""
    }
},
{
    "model": "courses.video",
    "pk": 2,
    "fields": {
        "lesson": 2,
        "name": "Machine Learning",
        "add_time": "2018-06-11T11:00:00",
        "url": "/media/org/2018/06/Clip-2.mp4",
        "learn_times": 5,
        "video_file": ""
    }
},
{
    "model": "courses.video",
    "pk": 3,
    "fields": {
        "lesson": 3,
        "name": "Design and Analysis of Algorithms",
        "add_time": "2018-06-11T12:00:00",
        "url": "/media/org/2018/06/Clip-2.mp4",
        "learn_times": 60,
        "video_file": ""
    }
},
{
    "model": "courses.video",
    "pk": 4,
    "fields": {
        "lesson": 6,
        "name": "Transmission",
        "add_time": "2018-06-15T12:59:36",
        "url": "/media/org/2018/06/Clip-2.mp4",
        "learn_times": 100,
        "video_file": ""
    }
},
{
    "model": "courses.courseresource",
    "pk": 1,
    "fields": {
        "course": 4,
        "name": "Introduction of Machine Learning",
        "download": "course/resource/2018/06/An_Introduction_to_Machine_Learning___DigitalOcean.pdf",
        "add_time": "2018-06-11T14:00:00"
    }
},
{
    "model": "courses.courseresource",
    "pk": 2,
    "fields": {
        "course": 8,
        "name": "Design and Analysis of Algorithms",
        "download": "course/resource/2018/06/An_Introduction_to_Machine_Learning___DigitalOcean_ig1FGsJ.pdf",
        "add_time": "2018-06-09T10:53:04"
    }
},
{
    "model": "organization.citydict",
    "pk": 1,
    "fields": {
        "name": "San Francisco",
        "desc": "Bay Area",
        "add_time": "2018-05-26T16:07:52"
    }
},
{
    "model": "organization.citydict",
    "pk": 2,
    "fields": {
        "name": "Detroit",
        "desc": "Motor city",
        "add_time": "2018-06-02T12:41:41"
    }
},
{
    "model": "organization.citydict",
    "pk": 3,
    "fields": {
        "name": "Mountain View",
        "desc": "Silicon Valley",
        "add_time": "2018-06-04T10:00:00"
    }
},
{
    "model": "organization.citydict",
    "pk": 4,
    "fields": {
        "name": "Boston",
        "desc": "Boston",
        "add_time": "2018-06-09T10:45:01"
    }
},
{
    "model": "organization.courseorg",
    "pk": 1,
    "fields": {
        "name": "NCS PEARSON INC AN INDIRECT WHOLLY",
        "desc": "Education",
        "click_nums": 12,
        "tag": "NCS PEARSO",
        "fav_nums": 13,
        "image": "org/2018/06/blog.jpg",
        "address": "San Jose",
        "city": 2,
        "add_time": "2018-06-04T12:42:04",
        "category": "eftc",
        "students": 40,
        "courses": 60
    }
},
{
    "model": "organization.courseorg",
    "pk": 2,
    "fields": {
        "name": "Infyni",
        "desc": "Cool",
        "click_nums": 40,
        "tag": "Start",
        "fav_nums": 10,
        "image": "org/2018/06/author2.jpg",
        "address": "Troy",
        "city": 2,
        "add_time": "2018-06-04T14:02:14",
        "category": "eftc",
        "students": 34,
        "courses": 3
    }
},
{
    "model": "organization.courseorg",
    "pk": 3,
    "fields": {
        "name": "Stanford University",
        "desc": "Stanford University is a private research university in Stanford, California. Stanford is known for its academic strength, wealth, proximity to Silicon Valley, and ranking as a top-ten university in the world",
        "click_nums": 100,
        "tag": "Computer",
        "fav_nums": 11,
        "image": "org/2018/06/events-slider3.jpg",
        "address": "450 Serra Mall, Stanford, CA 94305",
        "city": 3,
        "add_time": "2018-06-04T10:00:00",
        "category": "u",
        "students": 2000,
        "courses": 4
    }
},
{
    "model": "organization.courseorg",
    "pk": 4,
    "fields": {
        "name": "Oracle",
        "desc": "DB Leader",
        "click_nums": 12,
        "tag": "Start",
        "fav_nums": 11,
        "image": "org/2018/06/img-small2.jpg",
        "address": "1000 Beethoven Cmn",
        "city": 4,
        "add_time": "2018-06-09T10:47:36",
        "category": "eftc",
        "students": 2000,
        "courses": 20
    }
},
{
    "model": "organization.teacher",
    "pk": 1,
    "fields": {
        "org": 2,
        "name": "Manoj Sinha",
        "work_years": 12,
        "work_company": "Infyni",
        "work_position": "Instructor",
        "points": "Cool Teaching",
        "click_nums": 18,
        "fav_nums": 11,
        "add_time": "2018-06-02T14:06:09",
        "image": "teacher/2018/06/course-3.jpg"
    }
},
{
    "model": "organization.teacher",
    "pk": 2,
    "fields": {
        "org": 3,
        "name": "Nicole Ardoin",
        "work_years": 8,
        "work_company": "Facebook",
        "work_position": "Associate Professor",
        "points": "Nicole Ardoin is an associate professor",
        "click_nums": 203,
        "fav_nums": 11,
        "add_time": "2018-06-04T11:00:00",
        "image": "teacher/2018/06/notice.jpg"
    }
},
{
    "model": "organization.teacher",
    "pk": 3,
    "fields": {
        "org": 3,
        "name": "David Eng",
        "work_years": 11,
        "work_company": "Stanford University",
        "work_position": "Instructor In Computer Science Department",
        "points": "Great Faculty",
        "click_nums": 12,
        "fav_nums": 11,
        "add_time": "2018-06-11T10:00:00",
        "image": "teacher/2018/06/img-small2.jpg"
    }
},
{
    "model": "organization.teacher",
    "pk": 4,
    "fields": {
        "org": 4,
        "name": "Nick N",
        "work_years": 11,
        "work_company": "Facebook",
        "work_position": "Product Head",
        "points": "Great Faculty",
        "click_nums": 10,
        "fav_nums": 12,
        "add_time": "2018-06-09T10:48:49",
        "image": "teacher/2018/06/img-72.jpg"
    }
},
{
    "model": "organization.teacher",
    "pk": 5,
    "fields": {
        "org": 2,
        "name": "Jack Boria",
        "work_years": 11,
        "work_company": "Stanford University",
        "work_position": "Instructor In Computer Science Department",
        "points": "Great Faculty",
        "click_nums": 0,
        "fav_nums": 0,
        "add_time": "2018-06-16T08:14:57",
        "image": "teacher/2018/06/cheggpix.jpg"
    }
},
{
    "model": "operation.userask",
    "pk": 1,
    "fields": {
        "name": "Manoj Sinha",
        "mobile": "9431668627",
        "course_name": "Machine Learning",
        "add_time": "2018-06-03T09:57:52.650"
    }
},
{
    "model": "operation.coursecomments",
    "pk": 1,
    "fields": {
        "user": [
            "manojsinha75@gmail.com"
        ],
        "course": 1,
        "comments": "fun to watch",
        "add_time": "2018-06-02T23:21:45.349"
    }
},
{
    "model": "operation.coursecomments",
    "pk": 2,
    "fields": {
        "user": [
            "manojsinha75@gmail.com"
        ],
        "course": 4,
        "comments": "Awesome",
        "add_time": "2018-06-03T09:46:57.514"
    }
},
{
    "model": "operation.userfavorite",
    "pk": 2,
    "fields": {
        "user": [
            "manojsinha75@gmail.com"
        ],
        "fav_id": 1,
        "fav_type": 2,
        "add_time": "2018-06-02T15:33:06.322"
    }
},
{
    "model": "operation.userfavorite",
    "pk": 5,
    "fields": {
        "user": [
            "manojsinha75@gmail.com"
        ],
        "fav_id": 4,
        "fav_type": 1,
        "add_time": "2018-06-03T09:45:37.112"
    }
},
{
    "model": "operation.userfavorite",
    "pk": 6,
    "fields": {
        "user": [
            "manojsinha75@yahoo.com"
        ],
        "fav_id": 4,
        "fav_type": 1,
        "add_time": "2018-06-03T09:55:26.470"
    }
},
{
    "model": "operation.userfavorite",
    "pk": 7,
    "fields": {
        "user": [
            "manojsinha75@gmail.com"
        ],
        "fav_id": 3,
        "fav_type": 2,
        "add_time": "2018-06-03T13:01:28.803"
    }
},
{
    "model": "operation.userfavorite",
    "pk": 11,
    "fields": {
        "user": [
            "infyni"
        ],
        "fav_id": 8,
        "fav_type": 1,
        "add_time": "2018-07-06T23:26:09.466"
    }
},
{
    "model": "operation.usermessage",
    "pk": 1,
    "fields": {
        "user": 2,
        "message": "Welcome to Geek online education! Start learning today!",
        "add_time": "2018-06-02T14:09:24.912",
        "has_read": false
    }
},
{
    "model": "operation.usermessage",
    "pk": 2,
    "fields": {
        "user": 3,
        "message": "Welcome to Geek online education! Start learning today!",
        "add_time": "2018-06-02T15:11:00.074",
        "has_read": true
    }
},
{
    "model": "operation.usermessage",
    "pk": 3,
    "fields": {
        "user": 4,
        "message": "Welcome to Geek online education! Start learning today!",
        "add_time": "2018-06-02T15:28:40.454",
        "has_read": true
    }
},
{
    "model": "operation.usercourse",
    "pk": 1,
    "fields": {
        "course": 3,
        "user": [
            "manojsinha75@gmail.com"
        ],
        "add_time": "2018-06-02T15:32:10.902",
        "enroll_id": null,
        "enrolment_created_at": null
    }
},
{
    "model": "operation.usercourse",
    "pk": 2,
    "fields": {
        "course": 2,
        "user": [
            "manojsinha75@gmail.com"
        ],
        "add_time": "2018-06-02T15:32:41.070",
        "enroll_id": null,
        "enrolment_created_at": null
    }
},
{
    "model": "operation.usercourse",
    "pk": 3,
    "fields": {
        "course": 1,
        "user": [
            "manojsinha75@gmail.com"
        ],
        "add_time": "2018-06-02T23:20:35.852",
        "enroll_id": null,
        "enrolment_created_at": null
    }
},
{
    "model": "operation.usercourse",
    "pk": 4,
    "fields": {
        "course": 4,
        "user": [
            "manojsinha75@gmail.com"
        ],
        "add_time": "2018-06-03T09:45:39.715",
        "enroll_id": null,
        "enrolment_created_at": null
    }
},
{
    "model": "operation.usercourse",
    "pk": 5,
    "fields": {
        "course": 4,
        "user": [
            "manojsinha75@yahoo.com"
        ],
        "add_time": "2018-06-03T09:55:33.281",
        "enroll_id": null,
        "enrolment_created_at": null
    }
},
{
    "model": "operation.usercourse",
    "pk": 6,
    "fields": {
        "course": 6,
        "user": [
            "manojsinha75@gmail.com"
        ],
        "add_time": "2018-06-05T23:14:10.151",
        "enroll_id": null,
        "enrolment_created_at": null
    }
},
{
    "model": "operation.usercourse",
    "pk": 7,
    "fields": {
        "course": 7,
        "user": [
            "manojsinha75@gmail.com"
        ],
        "add_time": "2018-06-07T02:31:48.937",
        "enroll_id": null,
        "enrolment_created_at": null
    }
},
{
    "model": "operation.usercourse",
    "pk": 8,
    "fields": {
        "course": 8,
        "user": [
            "manojsinha75@gmail.com"
        ],
        "add_time": "2018-06-09T10:54:19.864",
        "enroll_id": null,
        "enrolment_created_at": null
    }
},
{
    "model": "operation.usercourse",
    "pk": 9,
    "fields": {
        "course": 6,
        "user": [
            "infyni"
        ],
        "add_time": "2018-07-06T23:23:41.322",
        "enroll_id": null,
        "enrolment_created_at": "2018-07-06T23:23:41.322"
    }
},
{
    "model": "operation.usercourse",
    "pk": 10,
    "fields": {
        "course": 8,
        "user": [
            "infyni"
        ],
        "add_time": "2018-07-06T23:26:06.040",
        "enroll_id": null,
        "enrolment_created_at": "2018-07-06T23:26:06.040"
    }
},
{
    "model": "operation.usercourse",
    "pk": 11,
    "fields": {
        "course": 9,
        "user": [
            "manojsinha75@gmail.com"
        ],
        "add_time": "2018-07-08T21:29:10.347",
        "enroll_id": "INF61857432",
        "enrolment_created_at": "2018-07-08T21:29:10.347"
    }
},
{
    "model": "operation.usercourse",
    "pk": 12,
    "fields": {
        "course": 8,
        "user": [
            "manojsinha75@yahoo.com"
        ],
        "add_time": "2018-07-09T06:07:11.450",
        "enroll_id": "INF24165837",
        "enrolment_created_at": "2018-07-09T06:07:11.450"
    }
},
{
    "model": "xadmin.usersettings",
    "pk": 1,
    "fields": {
        "user": [
            "infyni"
        ],
        "key": "dashboard:home:pos",
        "value": ""
    }
},
{
    "model": "xadmin.usersettings",
    "pk": 2,
    "fields": {
        "user": [
            "infyni"
        ],
        "key": "site-theme",
        "value": "/static/xadmin/css/themes/bootstrap-theme.css"
    }
},
{
    "model": "xadmin.log",
    "pk": 1,
    "fields": {
        "action_time": "2018-05-26T16:08:08.200",
        "user": [
            "infyni"
        ],
        "ip_addr": "127.0.0.1",
        "content_type": [
            "courses",
            "courseresource"
        ],
        "object_id": "1",
        "object_repr": "San Francisco",
        "action_flag": "create",
        "message": "Added."
    }
},
{
    "model": "xadmin.log",
    "pk": 2,
    "fields": {
        "action_time": "2018-06-02T12:41:58.438",
        "user": [
            "infyni"
        ],
        "ip_addr": "127.0.0.1",
        "content_type": [
            "courses",
            "courseresource"
        ],
        "object_id": "2",
        "object_repr": "Detroit",
        "action_flag": "create",
        "message": "Added."
    }
},
{
    "model": "xadmin.log",
    "pk": 3,
    "fields": {
        "action_time": "2018-06-02T12:43:18.523",
        "user": [
            "infyni"
        ],
        "ip_addr": "127.0.0.1",
        "content_type": [
            "courses",
            "bannercourse"
        ],
        "object_id": "1",
        "object_repr": "NCS PEARSON INC AN INDIRECT WHOLLY",
        "action_flag": "create",
        "message": "Added."
    }
},
{
    "model": "xadmin.log",
    "pk": 4,
    "fields": {
        "action_time": "2018-06-02T12:44:09.550",
        "user": [
            "infyni"
        ],
        "ip_addr": "127.0.0.1",
        "content_type": [
            "courses",
            "video"
        ],
        "object_id": "2",
        "object_repr": "Operating System",
        "action_flag": "change",
        "message": "Changed course_org."
    }
},
{
    "model": "xadmin.log",
    "pk": 5,
    "fields": {
        "action_time": "2018-06-02T14:03:03.955",
        "user": [
            "infyni"
        ],
        "ip_addr": "127.0.0.1",
        "content_type": [
            "courses",
            "bannercourse"
        ],
        "object_id": "2",
        "object_repr": "Infyni",
        "action_flag": "create",
        "message": "Added."
    }
},
{
    "model": "xadmin.log",
    "pk": 6,
    "fields": {
        "action_time": "2018-06-02T14:04:14.291",
        "user": [
            "infyni"
        ],
        "ip_addr": "127.0.0.1",
        "content_type": [
            "courses",
            "video"
        ],
        "object_id": "1",
        "object_repr": "DataStructure",
        "action_flag": "change",
        "message": "Changed course_org."
    }
},
{
    "model": "xadmin.log",
    "pk": 7,
    "fields": {
        "action_time": "2018-06-02T14:06:57.227",
        "user": [
            "infyni"
        ],
        "ip_addr": "127.0.0.1",
        "content_type": [
            "organization",
            "citydict"
        ],
        "object_id": "1",
        "object_repr": "Manoj Sinha",
        "action_flag": "create",
        "message": "Added."
    }
},
{
    "model": "xadmin.log",
    "pk": 8,
    "fields": {
        "action_time": "2018-06-02T14:07:44.147",
        "user": [
            "infyni"
        ],
        "ip_addr": "127.0.0.1",
        "content_type": [
            "courses",
            "video"
        ],
        "object_id": "1",
        "object_repr": "DataStructure",
        "action_flag": "change",
        "message": "Changed teacher."
    }
},
{
    "model": "xadmin.log",
    "pk": 9,
    "fields": {
        "action_time": "2018-06-02T23:16:31.848",
        "user": [
            "infyni"
        ],
        "ip_addr": "127.0.0.1",
        "content_type": [
            "courses",
            "coursecategory"
        ],
        "object_id": "1",
        "object_repr": "Quick Search",
        "action_flag": "create",
        "message": "Added."
    }
},
{
    "model": "xadmin.log",
    "pk": 10,
    "fields": {
        "action_time": "2018-06-02T23:18:17.755",
        "user": [
            "infyni"
        ],
        "ip_addr": "127.0.0.1",
        "content_type": [
            "courses",
            "course"
        ],
        "object_id": "1",
        "object_repr": "Python Learning",
        "action_flag": "create",
        "message": "Added."
    }
},
{
    "model": "xadmin.log",
    "pk": 11,
    "fields": {
        "action_time": "2018-06-03T00:08:59.129",
        "user": [
            "infyni"
        ],
        "ip_addr": "127.0.0.1",
        "content_type": [
            "courses",
            "course"
        ],
        "object_id": "1",
        "object_repr": "Python Learning",
        "action_flag": "change",
        "message": "Changed url."
    }
},
{
    "model": "xadmin.log",
    "pk": 12,
    "fields": {
        "action_time": "2018-06-03T09:21:14.609",
        "user": [
            "infyni"
        ],
        "ip_addr": "127.0.0.1",
        "content_type": [
            "courses",
            "courseresource"
        ],
        "object_id": "3",
        "object_repr": "Mountain View",
        "action_flag": "create",
        "message": "Added."
    }
},
{
    "model": "xadmin.log",
    "pk": 13,
    "fields": {
        "action_time": "2018-06-03T09:23:55.572",
        "user": [
            "infyni"
        ],
        "ip_addr": "127.0.0.1",
        "content_type": [
            "courses",
            "bannercourse"
        ],
        "object_id": "3",
        "object_repr": "Stanford University",
        "action_flag": "create",
        "message": "Added."
    }
},
{
    "model": "xadmin.log",
    "pk": 14,
    "fields": {
        "action_time": "2018-06-03T09:27:34.030",
        "user": [
            "infyni"
        ],
        "ip_addr": "127.0.0.1",
        "content_type": [
            "organization",
            "citydict"
        ],
        "object_id": "2",
        "object_repr": "Nicole Ardoin",
        "action_flag": "create",
        "message": "Added."
    }
},
{
    "model": "xadmin.log",
    "pk": 15,
    "fields": {
        "action_time": "2018-06-03T09:34:25.605",
        "user": [
            "infyni"
        ],
        "ip_addr": "127.0.0.1",
        "content_type": [
            "courses",
            "video"
        ],
        "object_id": "5",
        "object_repr": "Artificial intelligence",
        "action_flag": "create",
        "message": "Added."
    }
},
{
    "model": "xadmin.log",
    "pk": 16,
    "fields": {
        "action_time": "2018-06-03T09:35:04.872",
        "user": [
            "infyni"
        ],
        "ip_addr": "127.0.0.1",
        "content_type": [
            "courses",
            "coursecategory"
        ],
        "object_id": "2",
        "object_repr": "An Introduction to Machine Learning",
        "action_flag": "create",
        "message": "Added."
    }
},
{
    "model": "xadmin.log",
    "pk": 17,
    "fields": {
        "action_time": "2018-06-03T09:41:30.305",
        "user": [
            "infyni"
        ],
        "ip_addr": "127.0.0.1",
        "content_type": [
            "courses",
            "course"
        ],
        "object_id": "2",
        "object_repr": "Machine Learning",
        "action_flag": "create",
        "message": "Added."
    }
},
{
    "model": "xadmin.log",
    "pk": 18,
    "fields": {
        "action_time": "2018-06-03T09:42:59.528",
        "user": [
            "infyni"
        ],
        "ip_addr": "127.0.0.1",
        "content_type": [
            "courses",
            "lesson"
        ],
        "object_id": "1",
        "object_repr": "CourseResource object",
        "action_flag": "create",
        "message": "Added."
    }
},
{
    "model": "xadmin.log",
    "pk": 19,
    "fields": {
        "action_time": "2018-06-05T22:11:18.839",
        "user": [
            "infyni"
        ],
        "ip_addr": "127.0.0.1",
        "content_type": [
            "organization",
            "citydict"
        ],
        "object_id": "3",
        "object_repr": "David Eng",
        "action_flag": "create",
        "message": "Added."
    }
},
{
    "model": "xadmin.log",
    "pk": 20,
    "fields": {
        "action_time": "2018-06-05T22:21:11.868",
        "user": [
            "infyni"
        ],
        "ip_addr": "127.0.0.1",
        "content_type": [
            "courses",
            "coursecategory"
        ],
        "object_id": "3",
        "object_repr": "Complexity of algorithms",
        "action_flag": "create",
        "message": "Added."
    }
},
{
    "model": "xadmin.log",
    "pk": 21,
    "fields": {
        "action_time": "2018-06-05T22:21:59.328",
        "user": [
            "infyni"
        ],
        "ip_addr": "127.0.0.1",
        "content_type": [
            "courses",
            "coursecategory"
        ],
        "object_id": "4",
        "object_repr": "Quick sort",
        "action_flag": "create",
        "message": "Added."
    }
},
{
    "model": "xadmin.log",
    "pk": 22,
    "fields": {
        "action_time": "2018-06-05T22:23:10.766",
        "user": [
            "infyni"
        ],
        "ip_addr": "127.0.0.1",
        "content_type": [
            "courses",
            "course"
        ],
        "object_id": "3",
        "object_repr": "Design and Analysis of Algorithms",
        "action_flag": "create",
        "message": "Added."
    }
},
{
    "model": "xadmin.log",
    "pk": 23,
    "fields": {
        "action_time": "2018-06-05T22:26:37.014",
        "user": [
            "infyni"
        ],
        "ip_addr": "127.0.0.1",
        "content_type": [
            "courses",
            "video"
        ],
        "object_id": "7",
        "object_repr": "Design and Analysis of Algorithms-Sampath Kannan",
        "action_flag": "change",
        "message": "Changed name and image."
    }
},
{
    "model": "xadmin.log",
    "pk": 24,
    "fields": {
        "action_time": "2018-06-05T22:28:34.663",
        "user": [
            "infyni"
        ],
        "ip_addr": "127.0.0.1",
        "content_type": [
            "courses",
            "video"
        ],
        "object_id": "1",
        "object_repr": "DataStructure",
        "action_flag": "change",
        "message": "Changed image."
    }
},
{
    "model": "xadmin.log",
    "pk": 25,
    "fields": {
        "action_time": "2018-06-05T22:30:51.749",
        "user": [
            "infyni"
        ],
        "ip_addr": "127.0.0.1",
        "content_type": [
            "courses",
            "video"
        ],
        "object_id": "2",
        "object_repr": "Operating System",
        "action_flag": "change",
        "message": "Changed teacher and desc."
    }
},
{
    "model": "xadmin.log",
    "pk": 26,
    "fields": {
        "action_time": "2018-06-09T10:45:19.936",
        "user": [
            "infyni"
        ],
        "ip_addr": "127.0.0.1",
        "content_type": [
            "courses",
            "courseresource"
        ],
        "object_id": "4",
        "object_repr": "Boston",
        "action_flag": "create",
        "message": "Added."
    }
},
{
    "model": "xadmin.log",
    "pk": 27,
    "fields": {
        "action_time": "2018-06-09T10:48:42.023",
        "user": [
            "infyni"
        ],
        "ip_addr": "127.0.0.1",
        "content_type": [
            "courses",
            "bannercourse"
        ],
        "object_id": "4",
        "object_repr": "Oracle",
        "action_flag": "create",
        "message": "Added."
    }
},
{
    "model": "xadmin.log",
    "pk": 28,
    "fields": {
        "action_time": "2018-06-09T10:50:04.822",
        "user": [
            "infyni"
        ],
        "ip_addr": "127.0.0.1",
        "content_type": [
            "organization",
            "citydict"
        ],
        "object_id": "4",
        "object_repr": "Nick N",
        "action_flag": "create",
        "message": "Added."
    }
},
{
    "model": "xadmin.log",
    "pk": 29,
    "fields": {
        "action_time": "2018-06-09T10:51:30.256",
        "user": [
            "infyni"
        ],
        "ip_addr": "127.0.0.1",
        "content_type": [
            "courses",
            "video"
        ],
        "object_id": "8",
        "object_repr": "Database Design",
        "action_flag": "create",
        "message": "Added."
    }
},
{
    "model": "xadmin.log",
    "pk": 30,
    "fields": {
        "action_time": "2018-06-09T10:52:37.052",
        "user": [
            "infyni"
        ],
        "ip_addr": "127.0.0.1",
        "content_type": [
            "courses",
            "coursecategory"
        ],
        "object_id": "5",
        "object_repr": "Table Normalization",
        "action_flag": "create",
        "message": "Added."
    }
},
{
    "model": "xadmin.log",
    "pk": 31,
    "fields": {
        "action_time": "2018-06-09T10:53:28.924",
        "user": [
            "infyni"
        ],
        "ip_addr": "127.0.0.1",
        "content_type": [
            "courses",
            "lesson"
        ],
        "object_id": "2",
        "object_repr": "CourseResource object",
        "action_flag": "create",
        "message": "Added."
    }
},
{
    "model": "xadmin.log",
    "pk": 32,
    "fields": {
        "action_time": "2018-06-15T11:36:16.979",
        "user": [
            "infyni"
        ],
        "ip_addr": "127.0.0.1",
        "content_type": [
            "courses",
            "coursecategory"
        ],
        "object_id": "1",
        "object_repr": "Quick Search",
        "action_flag": "change",
        "message": "Changed price."
    }
},
{
    "model": "xadmin.log",
    "pk": 33,
    "fields": {
        "action_time": "2018-06-15T12:46:42.962",
        "user": [
            "infyni"
        ],
        "ip_addr": "127.0.0.1",
        "content_type": [
            "courses",
            "coursecategory"
        ],
        "object_id": "6",
        "object_repr": "Packet Transmission",
        "action_flag": "create",
        "message": "Added."
    }
},
{
    "model": "xadmin.log",
    "pk": 34,
    "fields": {
        "action_time": "2018-06-15T13:01:46.103",
        "user": [
            "infyni"
        ],
        "ip_addr": "127.0.0.1",
        "content_type": [
            "courses",
            "course"
        ],
        "object_id": "4",
        "object_repr": "Transmission",
        "action_flag": "create",
        "message": "Added."
    }
},
{
    "model": "xadmin.log",
    "pk": 35,
    "fields": {
        "action_time": "2018-06-16T02:52:10.824",
        "user": [
            "infyni"
        ],
        "ip_addr": "127.0.0.1",
        "content_type": [
            "courses",
            "coursecategory"
        ],
        "object_id": "7",
        "object_repr": "Red Black Tree",
        "action_flag": "create",
        "message": "Added."
    }
},
{
    "model": "xadmin.log",
    "pk": 36,
    "fields": {
        "action_time": "2018-06-16T08:16:57.714",
        "user": [
            "infyni"
        ],
        "ip_addr": "127.0.0.1",
        "content_type": [
            "organization",
            "citydict"
        ],
        "object_id": "5",
        "object_repr": "Jack Boria",
        "action_flag": "create",
        "message": "Added."
    }
},
{
    "model": "xadmin.log",
    "pk": 37,
    "fields": {
        "action_time": "2018-07-06T13:04:03.202",
        "user": [
            "infyni"
        ],
        "ip_addr": "127.0.0.1",
        "content_type": [
            "courses",
            "coursecategory"
        ],
        "object_id": "1",
        "object_repr": "Higher Education",
        "action_flag": "create",
        "message": "Added."
    }
},
{
    "model": "xadmin.log",
    "pk": 38,
    "fields": {
        "action_time": "2018-07-06T13:04:12.161",
        "user": [
            "infyni"
        ],
        "ip_addr": "127.0.0.1",
        "content_type": [
            "courses",
            "coursecategory"
        ],
        "object_id": "2",
        "object_repr": "Professional Course",
        "action_flag": "create",
        "message": "Added."
    }
},
{
    "model": "xadmin.log",
    "pk": 39,
    "fields": {
        "action_time": "2018-07-06T13:05:06.821",
        "user": [
            "infyni"
        ],
        "ip_addr": "127.0.0.1",
        "content_type": [
            "courses",
            "bannercourse"
        ],
        "object_id": "8",
        "object_repr": "Database Design",
        "action_flag": "change",
        "message": "Changed course_category."
    }
},
{
    "model": "xadmin.log",
    "pk": 40,
    "fields": {
        "action_time": "2018-07-06T13:05:12.982",
        "user": [
            "infyni"
        ],
        "ip_addr": "127.0.0.1",
        "content_type": [
            "courses",
            "bannercourse"
        ],
        "object_id": "7",
        "object_repr": "Design and Analysis of Algorithms-Sampath Kannan",
        "action_flag": "change",
        "message": "Changed course_category."
    }
},
{
    "model": "xadmin.log",
    "pk": 41,
    "fields": {
        "action_time": "2018-07-06T13:05:19.821",
        "user": [
            "infyni"
        ],
        "ip_addr": "127.0.0.1",
        "content_type": [
            "courses",
            "bannercourse"
        ],
        "object_id": "6",
        "object_repr": "Design and Analysis of Algorithms",
        "action_flag": "change",
        "message": "Changed course_category."
    }
},
{
    "model": "xadmin.log",
    "pk": 42,
    "fields": {
        "action_time": "2018-07-06T13:05:26.899",
        "user": [
            "infyni"
        ],
        "ip_addr": "127.0.0.1",
        "content_type": [
            "courses",
            "bannercourse"
        ],
        "object_id": "2",
        "object_repr": "Operating System",
        "action_flag": "change",
        "message": "Changed course_category."
    }
},
{
    "model": "xadmin.log",
    "pk": 43,
    "fields": {
        "action_time": "2018-07-06T13:05:37.342",
        "user": [
            "infyni"
        ],
        "ip_addr": "127.0.0.1",
        "content_type": [
            "courses",
            "bannercourse"
        ],
        "object_id": "1",
        "object_repr": "DataStructure",
        "action_flag": "change",
        "message": "Changed course_category."
    }
},
{
    "model": "xadmin.log",
    "pk": 44,
    "fields": {
        "action_time": "2018-07-06T13:09:44.283",
        "user": [
            "infyni"
        ],
        "ip_addr": "127.0.0.1",
        "content_type": [
            "cart_payment",
            "coupon_code"
        ],
        "object_id": "1",
        "object_repr": "Coupon_code object",
        "action_flag": "create",
        "message": "Added."
    }
},
{
    "model": "xadmin.log",
    "pk": 45,
    "fields": {
        "action_time": "2018-07-06T23:24:15.007",
        "user": [
            "infyni"
        ],
        "ip_addr": "127.0.0.1",
        "content_type": [
            "courses",
            "lesson"
        ],
        "object_id": "1",
        "object_repr": "Quick Search",
        "action_flag": "change",
        "message": "Changed price and detail."
    }
},
{
    "model": "xadmin.log",
    "pk": 46,
    "fields": {
        "action_time": "2018-07-06T23:24:29.745",
        "user": [
            "infyni"
        ],
        "ip_addr": "127.0.0.1",
        "content_type": [
            "courses",
            "lesson"
        ],
        "object_id": "5",
        "object_repr": "Table Normalization",
        "action_flag": "change",
        "message": "Changed price and detail."
    }
},
{
    "model": "xadmin.log",
    "pk": 47,
    "fields": {
        "action_time": "2018-07-06T23:24:51.578",
        "user": [
            "infyni"
        ],
        "ip_addr": "127.0.0.1",
        "content_type": [
            "courses",
            "lesson"
        ],
        "object_id": "2",
        "object_repr": "An Introduction to Machine Learning",
        "action_flag": "change",
        "message": "Changed price and detail."
    }
},
{
    "model": "xadmin.log",
    "pk": 48,
    "fields": {
        "action_time": "2018-07-06T23:25:07.985",
        "user": [
            "infyni"
        ],
        "ip_addr": "127.0.0.1",
        "content_type": [
            "courses",
            "lesson"
        ],
        "object_id": "3",
        "object_repr": "Complexity of algorithms",
        "action_flag": "change",
        "message": "Changed price and detail."
    }
},
{
    "model": "xadmin.log",
    "pk": 49,
    "fields": {
        "action_time": "2018-07-06T23:25:23.386",
        "user": [
            "infyni"
        ],
        "ip_addr": "127.0.0.1",
        "content_type": [
            "courses",
            "lesson"
        ],
        "object_id": "4",
        "object_repr": "Quick sort",
        "action_flag": "change",
        "message": "Changed price and detail."
    }
},
{
    "model": "xadmin.log",
    "pk": 50,
    "fields": {
        "action_time": "2018-07-06T23:25:35.250",
        "user": [
            "infyni"
        ],
        "ip_addr": "127.0.0.1",
        "content_type": [
            "courses",
            "lesson"
        ],
        "object_id": "6",
        "object_repr": "Packet Transmission",
        "action_flag": "change",
        "message": "Changed price and detail."
    }
},
{
    "model": "xadmin.log",
    "pk": 51,
    "fields": {
        "action_time": "2018-07-06T23:25:49.669",
        "user": [
            "infyni"
        ],
        "ip_addr": "127.0.0.1",
        "content_type": [
            "courses",
            "lesson"
        ],
        "object_id": "7",
        "object_repr": "Red Black Tree",
        "action_flag": "change",
        "message": "Changed price and detail."
    }
},
{
    "model": "captcha.captchastore",
    "pk": 9,
    "fields": {
        "challenge": "LRKF",
        "response": "lrkf",
        "hashkey": "9387e152a4b6e52c223e2c18626511454c44de0c",
        "expiration": "2018-06-02T15:32:22.110"
    }
},
{
    "model": "captcha.captchastore",
    "pk": 10,
    "fields": {
        "challenge": "ITVH",
        "response": "itvh",
        "hashkey": "4db9dca7a13548bbdfb410890b53e7f1e0626d11",
        "expiration": "2018-06-02T15:33:05.170"
    }
},
{
    "model": "captcha.captchastore",
    "pk": 12,
    "fields": {
        "challenge": "OGTB",
        "response": "ogtb",
        "hashkey": "2935b56f2149d1f17bd1c5581e9eea2fa3fe737b",
        "expiration": "2018-06-02T16:03:04.442"
    }
},
{
    "model": "captcha.captchastore",
    "pk": 13,
    "fields": {
        "challenge": "SIDT",
        "response": "sidt",
        "hashkey": "2c1f208a17d0e98d1b0d3a739a7aa8c26e67daf2",
        "expiration": "2018-06-03T15:45:53.209"
    }
},
{
    "model": "captcha.captchastore",
    "pk": 14,
    "fields": {
        "challenge": "VJTA",
        "response": "vjta",
        "hashkey": "106f182b9802d67035a1b05b905809c2ae45d64e",
        "expiration": "2018-06-04T04:37:38.384"
    }
},
{
    "model": "captcha.captchastore",
    "pk": 15,
    "fields": {
        "challenge": "YUDP",
        "response": "yudp",
        "hashkey": "58258f8922fde8176f039a9dfe3262d87be27428",
        "expiration": "2018-06-04T12:12:27.887"
    }
},
{
    "model": "captcha.captchastore",
    "pk": 16,
    "fields": {
        "challenge": "VSFF",
        "response": "vsff",
        "hashkey": "674ceebefaa43b6c4b9c8372a097095cf5955db0",
        "expiration": "2018-06-04T12:15:01.965"
    }
},
{
    "model": "captcha.captchastore",
    "pk": 17,
    "fields": {
        "challenge": "QWTE",
        "response": "qwte",
        "hashkey": "b025d7839f38d69f4d2684236150ed8fa0651ea0",
        "expiration": "2018-06-04T12:16:08.505"
    }
},
{
    "model": "captcha.captchastore",
    "pk": 18,
    "fields": {
        "challenge": "CZNU",
        "response": "cznu",
        "hashkey": "bf75b66865e21f1ba3d7665d5896a362576ff8c8",
        "expiration": "2018-06-04T12:16:55.770"
    }
},
{
    "model": "captcha.captchastore",
    "pk": 19,
    "fields": {
        "challenge": "ENAT",
        "response": "enat",
        "hashkey": "0b26bccd977168aff4fba11101ab25dbeafd426b",
        "expiration": "2018-06-04T12:20:55.935"
    }
},
{
    "model": "captcha.captchastore",
    "pk": 20,
    "fields": {
        "challenge": "UUJZ",
        "response": "uujz",
        "hashkey": "eda93591cb361d925d31120ef8a1746048e1e290",
        "expiration": "2018-06-04T12:20:58.575"
    }
},
{
    "model": "captcha.captchastore",
    "pk": 21,
    "fields": {
        "challenge": "HBHG",
        "response": "hbhg",
        "hashkey": "3d53df19f035e3e196aab1b1786441e8bf128eef",
        "expiration": "2018-06-04T12:21:21.007"
    }
},
{
    "model": "captcha.captchastore",
    "pk": 22,
    "fields": {
        "challenge": "BSVX",
        "response": "bsvx",
        "hashkey": "3c0934f3c709863f9357b7c049a4c616bcb9eea5",
        "expiration": "2018-06-04T12:21:31.907"
    }
},
{
    "model": "captcha.captchastore",
    "pk": 23,
    "fields": {
        "challenge": "HFRT",
        "response": "hfrt",
        "hashkey": "761e674e28cd6dace49fe6ccb9ad6849a81d13e4",
        "expiration": "2018-06-04T12:29:42.063"
    }
},
{
    "model": "captcha.captchastore",
    "pk": 24,
    "fields": {
        "challenge": "DKTI",
        "response": "dkti",
        "hashkey": "5d88700db41cc7cc18c3deb8f170ebdbdf260a77",
        "expiration": "2018-06-04T12:30:19.855"
    }
},
{
    "model": "captcha.captchastore",
    "pk": 25,
    "fields": {
        "challenge": "GZQR",
        "response": "gzqr",
        "hashkey": "376a1179bb0b78194e8c97a9fc350d5860e91b1a",
        "expiration": "2018-06-04T12:32:17.549"
    }
},
{
    "model": "captcha.captchastore",
    "pk": 26,
    "fields": {
        "challenge": "ROYK",
        "response": "royk",
        "hashkey": "2ad603401e18c8c0092c57e4cd93c8ea6d55b4fa",
        "expiration": "2018-06-04T12:32:19.240"
    }
},
{
    "model": "captcha.captchastore",
    "pk": 27,
    "fields": {
        "challenge": "EQWI",
        "response": "eqwi",
        "hashkey": "de38f0e5b964254b99995d077e3e433ab24e1846",
        "expiration": "2018-06-04T12:33:10.259"
    }
},
{
    "model": "captcha.captchastore",
    "pk": 28,
    "fields": {
        "challenge": "TESP",
        "response": "tesp",
        "hashkey": "29eeb26ebfc0a904a6af0b2691541e6af644f463",
        "expiration": "2018-06-04T12:33:19.052"
    }
},
{
    "model": "captcha.captchastore",
    "pk": 29,
    "fields": {
        "challenge": "IEZH",
        "response": "iezh",
        "hashkey": "2fa688ac6929f2ffb41da5b50949250e2ab77600",
        "expiration": "2018-06-04T12:37:11.417"
    }
},
{
    "model": "captcha.captchastore",
    "pk": 30,
    "fields": {
        "challenge": "RJAC",
        "response": "rjac",
        "hashkey": "15382130b89bd9be1019b104846480ee3a680e58",
        "expiration": "2018-06-04T12:38:22.992"
    }
},
{
    "model": "captcha.captchastore",
    "pk": 31,
    "fields": {
        "challenge": "XTOP",
        "response": "xtop",
        "hashkey": "8e5e5b91f41ec50ad2dd7bd685689a0147cedf72",
        "expiration": "2018-06-04T12:39:25.197"
    }
},
{
    "model": "captcha.captchastore",
    "pk": 32,
    "fields": {
        "challenge": "OQHD",
        "response": "oqhd",
        "hashkey": "c3bafc5a393acb391103b141de8bda7b642b3b03",
        "expiration": "2018-06-04T12:39:27.348"
    }
},
{
    "model": "captcha.captchastore",
    "pk": 33,
    "fields": {
        "challenge": "WNDL",
        "response": "wndl",
        "hashkey": "3d9b98aa76c5bbad959c50071ccf3e06839e8b09",
        "expiration": "2018-06-04T12:39:47.599"
    }
},
{
    "model": "captcha.captchastore",
    "pk": 34,
    "fields": {
        "challenge": "BMLQ",
        "response": "bmlq",
        "hashkey": "f7ec73854a396625ff63bf3144a37ef4483c34ee",
        "expiration": "2018-06-04T12:40:15.807"
    }
},
{
    "model": "captcha.captchastore",
    "pk": 35,
    "fields": {
        "challenge": "KDOE",
        "response": "kdoe",
        "hashkey": "e4ed5c83daae1d27c9a5d744d773a4e9dc83d51e",
        "expiration": "2018-06-04T12:41:03.403"
    }
},
{
    "model": "captcha.captchastore",
    "pk": 36,
    "fields": {
        "challenge": "HJIS",
        "response": "hjis",
        "hashkey": "7bfac9b9f304d5cbc6d958747ef01d22c6badbd0",
        "expiration": "2018-06-04T12:41:49.059"
    }
},
{
    "model": "captcha.captchastore",
    "pk": 37,
    "fields": {
        "challenge": "ECUZ",
        "response": "ecuz",
        "hashkey": "e302601453932828ff8ba6ae3261eb1b1b77cc39",
        "expiration": "2018-06-04T12:41:56.203"
    }
},
{
    "model": "captcha.captchastore",
    "pk": 38,
    "fields": {
        "challenge": "SVPX",
        "response": "svpx",
        "hashkey": "e10eb6299edbed71796b1272619fdb08428b11d3",
        "expiration": "2018-06-04T12:42:15.407"
    }
},
{
    "model": "captcha.captchastore",
    "pk": 39,
    "fields": {
        "challenge": "ATZO",
        "response": "atzo",
        "hashkey": "f42f45a9a1cdd355692d2816461ca192a78021ce",
        "expiration": "2018-06-04T12:42:37.085"
    }
},
{
    "model": "captcha.captchastore",
    "pk": 40,
    "fields": {
        "challenge": "ONBL",
        "response": "onbl",
        "hashkey": "366bb6793cc83c251d0892f6154c946b5787b2d2",
        "expiration": "2018-06-04T12:42:45.207"
    }
},
{
    "model": "captcha.captchastore",
    "pk": 41,
    "fields": {
        "challenge": "VVWA",
        "response": "vvwa",
        "hashkey": "ea1e545c9952f12a7af4f580d503c3f87f712ac8",
        "expiration": "2018-06-04T12:43:09.534"
    }
},
{
    "model": "captcha.captchastore",
    "pk": 42,
    "fields": {
        "challenge": "JEDK",
        "response": "jedk",
        "hashkey": "c52d4abdef0577fee19ded17873083098401b0c3",
        "expiration": "2018-06-04T12:43:30.467"
    }
},
{
    "model": "captcha.captchastore",
    "pk": 43,
    "fields": {
        "challenge": "LSPJ",
        "response": "lspj",
        "hashkey": "06e465d2f1317c9eaca9962abda296771235bbb9",
        "expiration": "2018-06-04T12:44:26.536"
    }
},
{
    "model": "captcha.captchastore",
    "pk": 44,
    "fields": {
        "challenge": "UJAZ",
        "response": "ujaz",
        "hashkey": "f814e01ad6495bffa3bdaa3fffd85faca481e528",
        "expiration": "2018-06-04T12:45:19.093"
    }
},
{
    "model": "captcha.captchastore",
    "pk": 45,
    "fields": {
        "challenge": "UUHJ",
        "response": "uuhj",
        "hashkey": "539866e82cf08ff9a4548b44758b913d1eaa60f3",
        "expiration": "2018-06-04T12:45:21.254"
    }
},
{
    "model": "captcha.captchastore",
    "pk": 46,
    "fields": {
        "challenge": "LZMD",
        "response": "lzmd",
        "hashkey": "f8e4ebd8449bd608ede1c800f6aae5386b1e1139",
        "expiration": "2018-06-04T12:46:35.806"
    }
},
{
    "model": "captcha.captchastore",
    "pk": 47,
    "fields": {
        "challenge": "FLWK",
        "response": "flwk",
        "hashkey": "a075e9247a6e108e4592005c366b4af033bd4c11",
        "expiration": "2018-06-04T12:48:03.081"
    }
},
{
    "model": "captcha.captchastore",
    "pk": 48,
    "fields": {
        "challenge": "POGG",
        "response": "pogg",
        "hashkey": "db3312382c30856a6f58c25fb9470ffb0375026b",
        "expiration": "2018-06-04T12:48:41.667"
    }
},
{
    "model": "captcha.captchastore",
    "pk": 49,
    "fields": {
        "challenge": "BTPO",
        "response": "btpo",
        "hashkey": "a3f8cbc9e93d173ae669b73caf01ecb1f9809350",
        "expiration": "2018-06-04T12:51:12.570"
    }
},
{
    "model": "captcha.captchastore",
    "pk": 50,
    "fields": {
        "challenge": "KSRO",
        "response": "ksro",
        "hashkey": "bfaed77e1441d321b29390762be2737000b15301",
        "expiration": "2018-06-04T12:51:37.841"
    }
},
{
    "model": "captcha.captchastore",
    "pk": 51,
    "fields": {
        "challenge": "VSAT",
        "response": "vsat",
        "hashkey": "6363592c9e0b03c5ada3c41e9f2cff725a80b29f",
        "expiration": "2018-06-04T12:51:50.677"
    }
},
{
    "model": "captcha.captchastore",
    "pk": 52,
    "fields": {
        "challenge": "TABY",
        "response": "taby",
        "hashkey": "08484d7fba71f6ddb3fbfcc7aa95a01a5e47ca88",
        "expiration": "2018-06-04T13:01:21.500"
    }
},
{
    "model": "captcha.captchastore",
    "pk": 53,
    "fields": {
        "challenge": "VNQT",
        "response": "vnqt",
        "hashkey": "871e6467db5b03215e0a708f3768444aa89df929",
        "expiration": "2018-06-04T13:02:54.517"
    }
},
{
    "model": "captcha.captchastore",
    "pk": 54,
    "fields": {
        "challenge": "AYSN",
        "response": "aysn",
        "hashkey": "155e030636e0e4882955773735c4924ddc6c1d51",
        "expiration": "2018-06-04T13:03:31.528"
    }
},
{
    "model": "captcha.captchastore",
    "pk": 55,
    "fields": {
        "challenge": "FIPU",
        "response": "fipu",
        "hashkey": "b5cb21214f1fd07021ce702bd3e0fa1dd18f195c",
        "expiration": "2018-06-04T13:04:31.727"
    }
},
{
    "model": "captcha.captchastore",
    "pk": 56,
    "fields": {
        "challenge": "CDKU",
        "response": "cdku",
        "hashkey": "5ff809e0fdf0b5b535583c899ce6a60c2dad11ed",
        "expiration": "2018-06-04T13:04:52.017"
    }
},
{
    "model": "captcha.captchastore",
    "pk": 57,
    "fields": {
        "challenge": "MNMU",
        "response": "mnmu",
        "hashkey": "f3faf9965f3a0c36facc8d67489bb67a352ba962",
        "expiration": "2018-06-04T13:05:36.813"
    }
},
{
    "model": "captcha.captchastore",
    "pk": 58,
    "fields": {
        "challenge": "GWGZ",
        "response": "gwgz",
        "hashkey": "5230a797315a00226475092f4700397a134fa4d2",
        "expiration": "2018-06-04T13:12:16.619"
    }
},
{
    "model": "captcha.captchastore",
    "pk": 59,
    "fields": {
        "challenge": "MIZP",
        "response": "mizp",
        "hashkey": "3992351c23deee98111f30a5765cedf87802b2d3",
        "expiration": "2018-06-04T13:12:30.182"
    }
},
{
    "model": "captcha.captchastore",
    "pk": 60,
    "fields": {
        "challenge": "ZYDM",
        "response": "zydm",
        "hashkey": "86196cbf615bcf94088e1d98632853b2f04ec34b",
        "expiration": "2018-06-04T13:41:08.699"
    }
},
{
    "model": "captcha.captchastore",
    "pk": 61,
    "fields": {
        "challenge": "IPUT",
        "response": "iput",
        "hashkey": "03980a52e0043a8eab1651c7f9f197f165aa1d45",
        "expiration": "2018-06-05T02:14:01.221"
    }
},
{
    "model": "captcha.captchastore",
    "pk": 62,
    "fields": {
        "challenge": "NHVL",
        "response": "nhvl",
        "hashkey": "b2ea803996d223a3dcd4ce1ee3978eb66f7907dc",
        "expiration": "2018-06-05T04:52:50.733"
    }
},
{
    "model": "captcha.captchastore",
    "pk": 63,
    "fields": {
        "challenge": "MCQJ",
        "response": "mcqj",
        "hashkey": "9b6b3326d2fd783094030ff7bd6193b7687b67bb",
        "expiration": "2018-06-05T05:30:50.585"
    }
},
{
    "model": "captcha.captchastore",
    "pk": 64,
    "fields": {
        "challenge": "TEWA",
        "response": "tewa",
        "hashkey": "53266dec025917364cc2a0be4ee1609125551e24",
        "expiration": "2018-06-05T05:32:15.240"
    }
},
{
    "model": "captcha.captchastore",
    "pk": 65,
    "fields": {
        "challenge": "UNBF",
        "response": "unbf",
        "hashkey": "4333948e94f1964a7ba1a670b192a0c5ee356215",
        "expiration": "2018-06-05T05:38:23.256"
    }
},
{
    "model": "captcha.captchastore",
    "pk": 66,
    "fields": {
        "challenge": "RPEQ",
        "response": "rpeq",
        "hashkey": "cb4b7149c3b7124fec0bbb3c2b3b653c5cf3ee5d",
        "expiration": "2018-06-05T05:39:08.070"
    }
},
{
    "model": "captcha.captchastore",
    "pk": 67,
    "fields": {
        "challenge": "PXOL",
        "response": "pxol",
        "hashkey": "46b98ba9c1f4efa3e8ba215ccea151daca90fe0b",
        "expiration": "2018-06-05T05:40:10.131"
    }
},
{
    "model": "captcha.captchastore",
    "pk": 68,
    "fields": {
        "challenge": "BPCO",
        "response": "bpco",
        "hashkey": "238de7ec002f43e5eb68a690fed24a52143006df",
        "expiration": "2018-06-05T05:45:12.559"
    }
},
{
    "model": "captcha.captchastore",
    "pk": 69,
    "fields": {
        "challenge": "BBZW",
        "response": "bbzw",
        "hashkey": "8c31a70395fb8693e6ede6e26846cbc52bc6be39",
        "expiration": "2018-06-05T05:45:48.425"
    }
},
{
    "model": "captcha.captchastore",
    "pk": 70,
    "fields": {
        "challenge": "DNOW",
        "response": "dnow",
        "hashkey": "e725a333ed970d0f92c7d258405931fbe9180419",
        "expiration": "2018-06-05T05:47:23.955"
    }
},
{
    "model": "captcha.captchastore",
    "pk": 71,
    "fields": {
        "challenge": "HVVA",
        "response": "hvva",
        "hashkey": "bf2d90b3be59dcb2278951cb950282298d125759",
        "expiration": "2018-06-05T05:47:31.686"
    }
},
{
    "model": "captcha.captchastore",
    "pk": 72,
    "fields": {
        "challenge": "YVNH",
        "response": "yvnh",
        "hashkey": "89a8b2069c3c7a3f16dde3048f8b5a5614ef5ec1",
        "expiration": "2018-06-05T05:47:45.172"
    }
},
{
    "model": "captcha.captchastore",
    "pk": 73,
    "fields": {
        "challenge": "BKIE",
        "response": "bkie",
        "hashkey": "cfef885fb2e89864a5a47379da37b9937bf9d6e5",
        "expiration": "2018-06-05T05:48:36.492"
    }
},
{
    "model": "captcha.captchastore",
    "pk": 74,
    "fields": {
        "challenge": "COKQ",
        "response": "cokq",
        "hashkey": "284544d396dba12c420973d7d7698986f7171e9f",
        "expiration": "2018-06-05T05:48:41.851"
    }
},
{
    "model": "captcha.captchastore",
    "pk": 75,
    "fields": {
        "challenge": "QCWN",
        "response": "qcwn",
        "hashkey": "d98b0cc6025321be82d76380635cd9705fdaa126",
        "expiration": "2018-06-05T06:02:47.354"
    }
},
{
    "model": "captcha.captchastore",
    "pk": 76,
    "fields": {
        "challenge": "RAJP",
        "response": "rajp",
        "hashkey": "be21514cb8d45244521a6007fee3c73d289112fe",
        "expiration": "2018-06-05T06:02:54.692"
    }
},
{
    "model": "captcha.captchastore",
    "pk": 77,
    "fields": {
        "challenge": "KUGK",
        "response": "kugk",
        "hashkey": "96a8517e8fc2ab917299fbbd7fd2ad8766e87a07",
        "expiration": "2018-06-05T11:21:58.888"
    }
},
{
    "model": "captcha.captchastore",
    "pk": 78,
    "fields": {
        "challenge": "HYQY",
        "response": "hyqy",
        "hashkey": "b41aac0b9cffde2c5e5d65d14650b66cce27ce29",
        "expiration": "2018-06-05T22:38:14.985"
    }
},
{
    "model": "captcha.captchastore",
    "pk": 79,
    "fields": {
        "challenge": "QYOZ",
        "response": "qyoz",
        "hashkey": "633c919501095be077f84a5fc0937d2ea3971721",
        "expiration": "2018-06-06T12:27:05.797"
    }
},
{
    "model": "captcha.captchastore",
    "pk": 80,
    "fields": {
        "challenge": "AIDS",
        "response": "aids",
        "hashkey": "b1a0a6c2701336d2ab084239c2d9cb1e890c9651",
        "expiration": "2018-06-08T11:50:19.091"
    }
},
{
    "model": "captcha.captchastore",
    "pk": 81,
    "fields": {
        "challenge": "XZFD",
        "response": "xzfd",
        "hashkey": "e0fb9aefa185f9fdd05e12782d7ed648962ea0d6",
        "expiration": "2018-06-08T11:50:29.531"
    }
},
{
    "model": "captcha.captchastore",
    "pk": 82,
    "fields": {
        "challenge": "BRQL",
        "response": "brql",
        "hashkey": "06938256daaddcd1a2554552d8eb4e99be4be3db",
        "expiration": "2018-06-10T09:12:01.519"
    }
},
{
    "model": "captcha.captchastore",
    "pk": 83,
    "fields": {
        "challenge": "VHNK",
        "response": "vhnk",
        "hashkey": "e6d91d85615ab1ed70f4388e79958e4415b8cafb",
        "expiration": "2018-06-10T09:12:19.270"
    }
},
{
    "model": "captcha.captchastore",
    "pk": 84,
    "fields": {
        "challenge": "RSQU",
        "response": "rsqu",
        "hashkey": "4d99825dd117d7252efc95eedecd47f8f518cda5",
        "expiration": "2018-06-11T03:03:07.525"
    }
},
{
    "model": "captcha.captchastore",
    "pk": 85,
    "fields": {
        "challenge": "WPTL",
        "response": "wptl",
        "hashkey": "687dcf7e5e3eb607f0a0b5dcd82a164997d9ba91",
        "expiration": "2018-06-14T08:27:44.613"
    }
},
{
    "model": "captcha.captchastore",
    "pk": 86,
    "fields": {
        "challenge": "WHLA",
        "response": "whla",
        "hashkey": "80e56d71ba9137828cab96dd5f04374ffaa0fb7c",
        "expiration": "2018-06-16T12:54:47.947"
    }
},
{
    "model": "captcha.captchastore",
    "pk": 87,
    "fields": {
        "challenge": "GUDL",
        "response": "gudl",
        "hashkey": "1b42ff8a4501e22b2502c905e4f05bc33a559d5f",
        "expiration": "2018-06-23T10:54:41.886"
    }
},
{
    "model": "captcha.captchastore",
    "pk": 88,
    "fields": {
        "challenge": "WHSP",
        "response": "whsp",
        "hashkey": "47b6c06e2adef5bb7491fa92a76e7d8416a118c1",
        "expiration": "2018-06-24T00:42:06.955"
    }
},
{
    "model": "cart_payment.paytmhistory",
    "pk": 1,
    "fields": {
        "user": [
            "manojsinha75@gmail.com"
        ],
        "ORDERID": "WE0Nk0",
        "TXNDATE": "2018-07-06T23:28:16.103",
        "TXNID": 70000972233,
        "ORDER_DETAILS": null,
        "BANKTXNID": null,
        "BANKNAME": null,
        "RESPCODE": 121,
        "PAYMENTMODE": null,
        "CURRENCY": null,
        "GATEWAYNAME": null,
        "MID": "Nojish64889435665651",
        "RESPMSG": "PerWeek Txn count is crossed for Cust Id due to Pending txn",
        "TXNAMOUNT": 7400.0,
        "STATUS": "TXN_FAILURE"
    }
},
{
    "model": "cart_payment.paytmhistory",
    "pk": 2,
    "fields": {
        "user": [
            "manojsinha75@gmail.com"
        ],
        "ORDERID": "Pf7mrR",
        "TXNDATE": "2018-07-06T23:28:55.967",
        "TXNID": 70000972234,
        "ORDER_DETAILS": null,
        "BANKTXNID": null,
        "BANKNAME": null,
        "RESPCODE": 121,
        "PAYMENTMODE": null,
        "CURRENCY": null,
        "GATEWAYNAME": null,
        "MID": "Nojish64889435665651",
        "RESPMSG": "PerWeek Txn count is crossed for Cust Id due to Pending txn",
        "TXNAMOUNT": 400.0,
        "STATUS": "TXN_FAILURE"
    }
},
{
    "model": "cart_payment.checkout",
    "pk": 1,
    "fields": {
        "first_name": "Manoj",
        "last_name": "Sinha",
        "username": null,
        "email": "mkrsinha5@gmail.com",
        "address1": "1000 BEETHOVEN CMN",
        "address2": "UNIT 200",
        "country": "United States",
        "state": "CA",
        "zip": "94538",
        "shipping_billing_address_same": "on",
        "cources": "[8]",
        "payment_status": "pending",
        "user": [
            "infyni"
        ],
        "total_amount": 1100.0
    }
},
{
    "model": "cart_payment.checkout",
    "pk": 2,
    "fields": {
        "first_name": "Manoj",
        "last_name": "Sinha",
        "username": null,
        "email": "manojsinha75@gmail.com",
        "address1": "1000 BEETHOVEN CMN, UNIT 200",
        "address2": "UNIT 200",
        "country": "94538",
        "state": "94538",
        "zip": "94538",
        "shipping_billing_address_same": "on",
        "cources": "[1, 4, 6, 8]",
        "payment_status": "pending",
        "user": [
            "manojsinha75@gmail.com"
        ],
        "total_amount": 7400.0
    }
},
{
    "model": "cart_payment.checkout",
    "pk": 3,
    "fields": {
        "first_name": "Manoj",
        "last_name": "Sinha",
        "username": null,
        "email": "manojsinha75@gmail.com",
        "address1": "1000 BEETHOVEN CMN, UNIT 200",
        "address2": "UNIT 200",
        "country": "94538",
        "state": "94538",
        "zip": "94538",
        "shipping_billing_address_same": "on",
        "cources": "[4]",
        "payment_status": "pending",
        "user": [
            "manojsinha75@gmail.com"
        ],
        "total_amount": 400.0
    }
},
{
    "model": "cart_payment.coupon_code",
    "pk": 1,
    "fields": {
        "code": "JULY4",
        "total_amount": 100.0
    }
}
]
